recording_id,source_folder
R001,bumpy/P01/R001
R002,bumpy/P01/R002
R003,bumpy/P01/R003
R004,bumpy/P01/R004
R005,bumpy/P01/R005
R006,bumpy/P01/R006
R007,bumpy/P01/R007
R008,bumpy/P01/R008
R009,bumpy/P01/R009
R010,bumpy/P01/R010
R011,bumpy/P01/R011
R012,bumpy/P01/R012
R013,smooth/P02/R013
R014,smooth/P02/R014
R015,smooth/P02/R015
R016,smooth/P02/R016
R017,smooth/P02/R017
R018,smooth/P02/R018
R019,smooth/P02/R019
R020,smooth/P02/R020
R021,smooth/P02/R021
R022,smooth/P02/R022
R023,smooth/P02/R023
R024,smooth/P02/R024
R025,smooth/P01/R025
R026,smooth/P01/R026
R027,smooth/P01/R027
R028,smooth/P01/R028
R029,smooth/P01/R029
R030,smooth/P01/R030
R031,smooth/P01/R031
R032,bumpy/P02/R032
R033,bumpy/P02/R033
R034,bumpy/P02/R034
R035,bumpy/P02/R035
R036,bumpy/P02/R036
R037,bumpy/P02/R037
R038,bumpy/P02/R038
R039,bumpy/P02/R039
R040,bumpy/P02/R040
R041,bumpy/P02/R041
