feature,variance_on_training_data,maximum_absolute_correlation,passed_variance_filter,passed_correlation_filter,mutual_information_score,selected
acc_x_mean,0.022343799888267766,0.8483403557421952,True,True,0.031106113563565296,False
acc_x_std,0.6195162705916958,0.9996356710278363,True,False,,False
acc_x_min,9.687955201120433,0.9357494441189298,True,True,0.33900053160191934,True
acc_x_max,16.444592082642234,0.9626673909266527,True,True,0.2969172001964566,True
acc_x_range,46.46286403632392,0.9626673909266527,True,False,,False
acc_x_median,0.029663321662684827,0.8483403557421952,True,True,0.07197419119322412,False
acc_x_iqr,0.8697654149819484,0.9713678035949402,True,True,0.3940405861681273,True
acc_x_rms,0.6209608421291852,0.9996356710278363,True,True,0.35300569852796926,True
acc_x_mean_abs,0.3351258339875032,0.9814222716837168,True,False,,False
acc_x_mean_square,8.98945157886353,0.9607793688964428,True,False,,False
acc_x_mean_crossings,369.80821800577047,0.6971555718476817,True,True,0.24293832528231185,True
acc_y_mean,0.052339144576528315,0.8875388493043913,True,True,0.03323438491387787,False
acc_y_std,0.5124085538071398,0.9976652193571207,True,False,,False
acc_y_min,21.480462320390444,0.9114838998141352,True,True,0.3265336561658163,True
acc_y_max,16.20282774336349,0.8807335027852727,True,True,0.3946597976909765,True
acc_y_range,60.3674543027532,0.9179098167022102,True,True,0.33836413498021867,True
acc_y_median,0.0784930458423091,0.8875388493043913,True,True,0.15424607332457896,False
acc_y_iqr,0.4825037133888785,0.9483134507023572,True,True,0.417127350407567,True
acc_y_rms,0.46713372051203306,0.9976652193571207,True,True,0.34419657154380623,True
acc_y_mean_abs,0.1998299942704027,0.9743013156362647,True,False,,False
acc_y_mean_square,7.3007758096316255,0.9773168963960995,True,False,,False
acc_y_mean_crossings,238.26034280404912,0.7563019825495123,True,True,0.3428914104225864,True
acc_z_mean,0.038355379625548594,0.8119891732733445,True,True,0.0,False
acc_z_std,0.39304007541340075,0.9994621557469354,True,True,0.191347095530761,True
acc_z_min,28.916231217726526,0.9581579633973469,True,True,0.2954398737251178,True
acc_z_max,8.831988702370987,0.8554224304875648,True,True,0.3119610936734334,True
acc_z_range,59.20659002442962,0.9581579633973469,True,False,,False
acc_z_median,0.07224880592160263,0.8119891732733445,True,True,0.006231845674591119,False
acc_z_iqr,0.5761385849693497,0.9376020198344964,True,True,0.07476892593133555,False
acc_z_rms,0.3911583259570321,0.9994621557469354,True,False,,False
acc_z_mean_abs,0.20761941366164424,0.9542104000117867,True,False,,False
acc_z_mean_square,8.428405750246348,0.975153106951156,True,False,,False
acc_z_mean_crossings,612.940079588244,0.7563019825495123,True,True,0.38547050671951677,True
gyro_x_mean,0.009146770143945469,0.590961336735862,True,True,0.0,False
gyro_x_std,0.14960093651057046,0.9997482202908735,True,False,,False
gyro_x_min,0.3200494795390706,0.8286229879792472,True,True,0.13238796817005616,False
gyro_x_max,0.5178075919900322,0.8979431266649509,True,True,0.12276502608790296,False
gyro_x_range,1.2430593646371515,0.8979431266649509,True,True,0.08715480827310396,False
gyro_x_median,0.06170546451203811,0.7301184898958271,True,True,0.025016968123329653,False
gyro_x_iqr,1.0367289541899736,0.9832892569499407,True,True,0.08501197186851095,False
gyro_x_rms,0.14778614002596657,0.9997482202908735,True,False,,False
gyro_x_mean_abs,0.15436741634619353,0.9843891114030594,True,False,,False
gyro_x_mean_square,0.9414662700865029,0.9865127910105216,True,True,0.05320424850591143,False
gyro_x_mean_crossings,115.31628380360895,0.7636017304507002,True,True,0.03535732285953608,False
gyro_y_mean,0.02301419087173053,0.8612059578768668,True,True,0.04820859424893409,False
gyro_y_std,0.0972776259898258,0.9987839945979935,True,False,,False
gyro_y_min,2.2147515544449483,0.8363416379734135,True,True,0.28418905928056404,True
gyro_y_max,2.7869847534499796,0.8462806976733326,True,True,0.3301744164364653,True
gyro_y_range,6.79137169304303,0.9379213122871782,True,True,0.2894627884715695,True
gyro_y_median,0.0069354155459261015,0.6353391129227471,True,True,0.0,False
gyro_y_iqr,0.1064056304221916,0.8003001434268913,True,True,0.11923352674476528,False
gyro_y_rms,0.1087266979496232,0.9987839945979935,True,True,0.19362178050339063,True
gyro_y_mean_abs,0.035154220394970605,0.9145905895059304,True,True,0.15991102197161133,False
gyro_y_mean_square,0.3936856602228955,0.9798075108232978,True,False,,False
gyro_y_mean_crossings,344.25386326959756,0.6595909996793794,True,True,0.269117924353272,True
gyro_z_mean,0.016187505080650946,0.8612059578768668,True,True,0.017177856429336336,False
gyro_z_std,0.2014377599146109,0.9993825022479165,True,True,0.14148139743670507,False
gyro_z_min,1.8512410153659213,0.85448683934987,True,True,0.2010419218331716,True
gyro_z_max,1.56618736228798,0.8363416379734135,True,True,0.2521013585227865,True
gyro_z_range,4.819751732421497,0.9109380251889733,True,True,0.22482853068593545,True
gyro_z_median,0.02106579462747014,0.7811341892003522,True,True,0.05485577034854949,False
gyro_z_iqr,0.5831010067990767,0.9536834581717099,True,False,,False
gyro_z_rms,0.210016523478853,0.9993825022479165,True,False,,False
gyro_z_mean_abs,0.12829364650876426,0.9536834581717099,True,True,0.17988735207940443,True
gyro_z_mean_square,0.5928425142433766,0.9741545083150828,True,False,,False
gyro_z_mean_crossings,315.1210175314196,0.6971555718476817,True,True,0.14274443265069414,False
gravity_x_mean,7.14297380269309,0.9895430304013331,True,False,,False
gravity_x_std,0.5789282698329624,0.9655326506867492,True,False,,False
gravity_x_min,7.782110729813419,0.9102604906055123,True,True,0.24251464728046246,True
gravity_x_max,11.164224330982881,0.9064219650615961,True,True,0.37270188418752426,True
gravity_x_range,8.363631539714357,0.9655326506867492,True,True,0.09340394587887979,False
gravity_x_median,7.284273048070945,0.9895430304013331,True,True,0.3312812734147501,True
gravity_x_iqr,1.0157878501521709,0.8721816755914196,True,True,0.032519215319154915,False
gravity_x_rms,4.307914748888497,0.9926102175601373,True,False,,False
gravity_x_mean_abs,4.292659717396597,0.9926102175601373,True,True,0.11137490035019293,False
gravity_x_mean_square,290.3304708500791,0.9643449634797472,True,False,,False
gravity_x_mean_crossings,26.709897183236343,0.6003190086791637,True,True,0.07326915372234,False
gravity_y_mean,1.1119780109241675,0.9165985005334276,True,True,0.123884843922903,False
gravity_y_std,0.4570572933122313,0.854536323727657,True,True,0.14196614102498195,False
gravity_y_min,0.6095091862386964,0.8783131762718972,True,True,0.19002377985578933,True
gravity_y_max,3.5047266967888686,0.9242825890129722,True,True,0.2813565534650515,True
gravity_y_range,4.181080118919263,0.9242825890129722,True,True,0.19509610601509197,True
gravity_y_median,2.2407146573924814,0.9165985005334276,True,True,0.041639760685010074,False
gravity_y_iqr,2.2111155430453904,0.720449897352869,True,True,0.0859609573303195,False
gravity_y_rms,0.7070919655239134,0.9838581368278901,True,False,,False
gravity_y_mean_abs,0.8355842613832757,0.9812880074392013,True,True,0.10714347436670213,False
gravity_y_mean_square,88.15285708356433,0.9838581368278901,True,False,,False
gravity_y_mean_crossings,5.580138393075456,0.9129804650999075,True,True,0.027271892818120813,False
gravity_z_mean,4.689941003101201,0.9610235132767867,True,False,,False
gravity_z_std,1.1304851781713072,0.9252405149317636,True,True,0.08471406965596628,False
gravity_z_min,1.8736996095622045,0.825972316229446,True,True,0.12024492127524877,False
gravity_z_max,20.224515472958718,0.9533482905173757,True,True,0.1809917444912219,True
gravity_z_range,16.90981368770818,0.9533482905173757,True,False,,False
gravity_z_median,5.721955421709705,0.9610235132767867,True,True,0.0993063920241215,False
gravity_z_iqr,2.516317740871348,0.7075487763751107,True,True,0.06899330606008203,False
gravity_z_rms,1.8941016884370108,0.9935266700266643,True,False,,False
gravity_z_mean_abs,2.1194344378825964,0.9935266700266643,True,False,,False
gravity_z_mean_square,299.0439761380997,0.9933322988317359,True,True,0.12249754631403875,False
gravity_z_mean_crossings,6.689676145532789,0.9129804650999075,True,True,0.049900519886252104,False
acc_magnitude_mean,0.6415766517027252,1.0,True,False,,False
acc_magnitude_std,0.5403849441593863,0.9473036109860928,True,True,0.294422242163606,True
acc_magnitude_min,0.013699552027392873,0.5203979808549617,True,True,0.20629684449509078,True
acc_magnitude_max,49.290587163831326,0.9998627852512814,True,True,0.3333082020294946,True
acc_magnitude_range,49.09220652111267,0.9998627852512814,True,False,,False
acc_magnitude_median,0.4271755274893578,0.960791651365325,True,True,0.3247790792317873,True
acc_magnitude_iqr,0.4115731031416016,0.9558299640267078,True,True,0.27745899716229405,True
acc_magnitude_rms,1.080604355906199,0.9819914161206598,True,False,,False
acc_magnitude_mean_abs,0.6415766517027252,1.0,True,False,,False
acc_magnitude_mean_square,49.39476249805414,0.9819914161206598,True,True,0.31272699704030194,True
acc_magnitude_mean_crossings,393.9982242407941,0.6804037388612189,True,True,0.2674230559166164,True
gyro_magnitude_mean,0.07065316641786476,1.0,True,True,0.06707413135828921,False
gyro_magnitude_std,0.09675593571609344,0.9560950821934681,True,False,,False
gyro_magnitude_min,0.0027468961516286033,0.39479015395516653,True,True,0.09413445321358549,False
gyro_magnitude_max,3.7858778651114244,0.9996509664917571,True,True,0.16874044864245463,True
gyro_magnitude_range,3.823118401611779,0.9996509664917571,True,False,,False
gyro_magnitude_median,0.14980657036698952,0.8661571695145281,True,True,0.07131680769907134,False
gyro_magnitude_iqr,0.05223053418451306,0.5728549736319402,True,True,0.03228679548391167,False
gyro_magnitude_rms,0.09496281512816818,0.9869675442319924,True,True,0.01809702982998518,False
gyro_magnitude_mean_abs,0.07065316641786476,1.0,True,False,,False
gyro_magnitude_mean_square,1.1145121834453129,0.9869675442319924,True,False,,False
gyro_magnitude_mean_crossings,67.36244743019219,0.6673950544506404,True,True,0.1682617311198913,True
