feature,coefficient_toward_bumpy,absolute_coefficient
gravity_x_median,2.7812084537952844,2.7812084537952844
acc_magnitude_mean_crossings,2.5372664899720094,2.5372664899720094
acc_x_mean_crossings,2.468604059618774,2.468604059618774
acc_y_iqr,2.2797393235874233,2.2797393235874233
acc_y_median,1.764541087755721,1.764541087755721
acc_y_std,1.7048986616119484,1.7048986616119484
acc_x_std,-1.5641426936198577,1.5641426936198577
gyro_y_iqr,1.5043738236596107,1.5043738236596107
acc_y_mean_crossings,1.4720175983415025,1.4720175983415025
acc_y_max,-1.351445262160199,1.351445262160199
acc_z_median,-1.3231722354187603,1.3231722354187603
acc_magnitude_median,1.2951810158676647,1.2951810158676647
gyro_z_iqr,-1.215732094572316,1.215732094572316
gravity_y_iqr,1.2023111180180543,1.2023111180180543
gravity_y_std,-1.1878771838860562,1.1878771838860562
gravity_z_iqr,1.1537612681784983,1.1537612681784983
acc_z_mean_abs,1.112718666434852,1.112718666434852
gravity_x_mean_crossings,1.1072919737905011,1.1072919737905011
gyro_z_mean,-1.0972845888580105,1.0972845888580105
gyro_y_mean_crossings,1.0941206736087252,1.0941206736087252
acc_z_min,-1.0495183322302535,1.0495183322302535
gravity_x_min,1.0410966583372014,1.0410966583372014
gravity_y_mean,-1.0139252815684179,1.0139252815684179
acc_x_range,-1.0053377240693677,1.0053377240693677
acc_x_iqr,0.9911445318040225,0.9911445318040225
gyro_y_mean_abs,0.9638785416215963,0.9638785416215963
acc_z_mean_square,0.9239041707203137,0.9239041707203137
gyro_z_min,0.9188532387368786,0.9188532387368786
acc_magnitude_min,-0.9027640966751859,0.9027640966751859
gyro_magnitude_max,0.8588089379476074,0.8588089379476074
gyro_y_std,0.8166724631742126,0.8166724631742126
acc_y_min,-0.7797632231885112,0.7797632231885112
gyro_magnitude_std,0.7348240447512753,0.7348240447512753
acc_x_mean,-0.7332799059314867,0.7332799059314867
gyro_z_range,-0.7327523606100649,0.7327523606100649
gyro_magnitude_mean,-0.7122835099918384,0.7122835099918384
gravity_y_mean_crossings,0.709718367135504,0.709718367135504
gravity_z_mean_crossings,-0.6454691883379549,0.6454691883379549
gyro_y_max,-0.6430793533524369,0.6430793533524369
acc_z_mean_crossings,0.6256761667764817,0.6256761667764817
gyro_x_min,0.625235527806393,0.625235527806393
gravity_x_range,-0.6206775911128792,0.6206775911128792
gyro_magnitude_median,-0.6161345475433149,0.6161345475433149
gyro_x_mean_crossings,-0.6097330102531565,0.6097330102531565
gyro_x_mean_square,-0.6000640658389446,0.6000640658389446
gyro_y_range,-0.5901366716413929,0.5901366716413929
gravity_z_std,-0.5805602131217529,0.5805602131217529
gyro_y_mean,0.566162835674128,0.566162835674128
gravity_x_mean_abs,0.5265082164696527,0.5265082164696527
gyro_magnitude_mean_crossings,-0.49780127261969015,0.49780127261969015
gravity_z_mean,0.49294390147267225,0.49294390147267225
acc_magnitude_rms,0.45512415228935965,0.45512415228935965
gravity_z_min,0.45275651519761634,0.45275651519761634
gravity_z_rms,-0.43282669568238524,0.43282669568238524
gravity_x_max,0.3973454767414524,0.3973454767414524
gyro_x_median,-0.37251250514635176,0.37251250514635176
gyro_x_range,-0.35367503691269986,0.35367503691269986
gravity_y_median,-0.3516137644223072,0.3516137644223072
gravity_z_max,0.3475549910229686,0.3475549910229686
gyro_y_min,0.3278499754938334,0.3278499754938334
gravity_y_max,0.31829273686172965,0.31829273686172965
gyro_z_max,-0.31546973175366466,0.31546973175366466
gravity_y_min,0.30714831587942076,0.30714831587942076
acc_magnitude_max,0.2911579503035127,0.2911579503035127
gravity_y_mean_abs,-0.28061728093533084,0.28061728093533084
gyro_y_median,-0.2672549176129953,0.2672549176129953
gyro_z_std,0.2623663475392163,0.2623663475392163
acc_y_range,-0.2601326940872165,0.2601326940872165
gyro_magnitude_iqr,-0.2471515404191575,0.2471515404191575
acc_y_mean,-0.22557938928936533,0.22557938928936533
gravity_z_range,0.22057844841981036,0.22057844841981036
gravity_y_range,0.17583696962316608,0.17583696962316608
gyro_magnitude_min,-0.1691813487477133,0.1691813487477133
gravity_x_iqr,0.15764573022591163,0.15764573022591163
gyro_x_mean,0.15415089782124985,0.15415089782124985
gyro_z_median,0.1532871426962101,0.1532871426962101
acc_x_min,0.14946310381122493,0.14946310381122493
acc_z_iqr,0.14044558843364474,0.14044558843364474
gyro_magnitude_rms,-0.12328100965966578,0.12328100965966578
acc_z_max,-0.10425427331999162,0.10425427331999162
acc_z_mean,-0.0849909480372812,0.0849909480372812
gyro_z_mean_crossings,-0.0803653808345336,0.0803653808345336
gyro_x_iqr,0.07820995400651037,0.07820995400651037
acc_x_median,0.05807832710428722,0.05807832710428722
gyro_x_max,-0.03878302892399405,0.03878302892399405
acc_magnitude_std,-0.015609988645306662,0.015609988645306662
