recording_id,participant_id,class,partition
R001,P01,bumpy,train
R002,P01,bumpy,test
R003,P01,bumpy,test
R004,P01,bumpy,train
R005,P01,bumpy,train
R006,P01,bumpy,train
R007,P01,bumpy,train
R008,P01,bumpy,train
R009,P01,bumpy,train
R010,P01,bumpy,train
R011,P01,bumpy,train
R012,P01,bumpy,train
R013,P02,smooth,train
R014,P02,smooth,train
R015,P02,smooth,train
R016,P02,smooth,train
R017,P02,smooth,train
R018,P02,smooth,train
R019,P02,smooth,train
R020,P02,smooth,test
R021,P02,smooth,train
R022,P02,smooth,train
R023,P02,smooth,train
R024,P02,smooth,train
R025,P01,smooth,train
R026,P01,smooth,train
R027,P01,smooth,test
R028,P01,smooth,test
R029,P01,smooth,train
R030,P01,smooth,train
R031,P01,smooth,train
R032,P02,bumpy,test
R033,P02,bumpy,train
R034,P02,bumpy,train
R035,P02,bumpy,train
R036,P02,bumpy,train
R037,P02,bumpy,train
R038,P02,bumpy,test
R039,P02,bumpy,train
R040,P02,bumpy,test
R041,P02,bumpy,train
