recording_id,aligned_samples,windows,median_sample_rate_hz,max_sample_gap_seconds
R001,4170,15,99.93168732308945,0.011883056640620282
R002,4268,16,99.93900207392807,0.010632324218754263
R003,5098,19,99.93900207392807,0.010631103515628126
R004,3855,14,99.93900207392807,0.011883056640627387
R005,4268,16,99.93900207392807,0.010631103515621021
R006,5610,21,99.93900207392807,0.010631591796872897
R007,4584,17,99.93900207392807,0.010632080078124773
R008,3229,11,99.92924931079173,0.010633056640624972
R009,5303,20,99.93168732312492,0.01188183593750125
R010,4873,18,99.93412545440997,0.011883056640627387
R011,3750,14,99.93900207392807,0.011883056640627387
R012,4475,16,99.93168732308945,0.011883056640620282
R013,5209,19,99.59151915969949,0.010043212890622044
R014,5189,19,99.59151915970389,0.010042480468751336
R015,4462,16,99.58183409514902,0.010042968749999659
R016,5057,19,99.58425518466856,0.010043701171881025
R017,4121,15,99.58909771693962,0.01004321289062493
R018,4592,17,99.58183409511379,0.010042968749999992
R019,5065,19,99.58425518465096,0.010043212890622044
R020,4862,18,99.58425518466856,0.010042968750000547
R021,4966,18,99.58909771693742,0.010042968749999659
R022,5121,19,99.58909771693742,0.010043212890622044
R023,4949,18,99.58183409511379,0.010043457031251535
R024,4784,18,99.58183409511379,0.010042968750000547
R025,4993,18,99.93900207389258,0.011882080078123636
R026,4998,18,99.93900207389258,0.010631103515628126
R027,4169,15,99.93900207392807,0.010632324218747158
R028,3750,14,99.93900207392807,0.010632080078124773
R029,4790,18,99.9341254544277,0.01125708007813131
R030,4215,15,99.93900207392807,0.013759033203124993
R031,3761,14,99.93900207392807,0.010630859374998636
R032,4512,17,99.60120610835571,0.01004199218749946
R033,4677,17,99.60362813997132,0.010040771484376876
R034,5278,20,99.60362813998894,0.010041259765621646
R035,5350,20,99.6036281399537,0.010041503906251137
R036,5432,20,99.6036281399537,0.010041015624999261
R037,4983,18,99.60362813997021,0.010041259765625199
R038,5136,19,99.6036281399537,0.010041015625002814
R039,4802,18,99.60120610839977,0.0100407714843751
R040,4883,18,99.60120610836452,0.010041503906251137
R041,4777,18,99.60120610836452,0.010041015624999261
