check,model,setting,silhouette,road_ari,inertia,agreement_with_main,coverage
cluster_count,K-means,2,0.46186431460172545,-0.0007579766451237751,,,
cluster_count,Agglomerative clustering,2,0.4655807984185709,-0.0007445280035138786,,,
cluster_count,Gaussian mixture model,2,0.25748169202810356,0.055552555552816935,,,
cluster_count,K-means,3,0.29733735323187777,0.09683930504912353,,,
cluster_count,Agglomerative clustering,3,0.2806451033834923,0.07910346944380313,,,
cluster_count,Gaussian mixture model,3,0.25553828024318526,0.10417474736261129,,,
cluster_count,K-means,4,0.25448799015331275,0.42415605259259553,,,
cluster_count,Agglomerative clustering,4,0.24694749573148475,0.36204314818840594,,,
cluster_count,Gaussian mixture model,4,0.21787350511715783,0.2044690942588555,,,
cluster_count,K-means,5,0.26780111315248567,0.4241230849239652,,,
cluster_count,Agglomerative clustering,5,0.25959154782928645,0.36203400680836184,,,
cluster_count,Gaussian mixture model,5,0.25323612080549096,0.33543229925722495,,,
linkage,Agglomerative clustering,average,0.4655807984185709,-0.0007445280035138786,,,
linkage,Agglomerative clustering,complete,0.4655807984185709,-0.0007445280035138786,,,
initialization,K-means,0,,-0.0007579766451237751,33742.07027403595,1.0,
initialization,K-means,1,,-0.0007579766451237751,33742.07027403595,1.0,
initialization,K-means,2,,-0.0007579766451237751,33742.07027403595,1.0,
initialization,K-means,3,,-0.0007579766451237751,33742.07027403595,1.0,
initialization,K-means,4,,-0.0007579766451237751,33742.07027403595,1.0,
PCA_90_percent,K-means,15,0.4699936301589855,-0.0007579766451237751,,,1.0
PCA_90_percent,Agglomerative clustering,15,0.47381677126510074,-0.0007445280035138786,,,1.0
PCA_90_percent,DBSCAN,15,0.49773941789219334,-0.0008735188544916422,,,0.9528795811518325
PCA_90_percent,Gaussian mixture model,15,0.2723788592510464,0.04907286817656798,,,1.0
