eps,min_samples,clusters,coverage,silhouette_assigned,selection_score
1.9631294103344494,5,2,0.15706806282722513,0.26674664496029665,
2.735396316559683,5,7,0.41012216404886565,0.3165583334224041,
3.0,5,11,0.5322862129144852,0.31325037939100225,0.16673885814006228
3.273895116212993,5,14,0.6212914485165794,0.2894853613605061,0.17985477948401427
4.177240671731945,5,5,0.774869109947644,0.13546999838425938,0.10497151707261984
7.028409212300123,5,3,0.9406631762652705,0.43474388695718846,0.40894756556705864
2.2165609267098807,10,1,0.16579406631762653,,
3.0,10,5,0.4118673647469459,0.3835145275258704,
3.196347466224584,10,4,0.4572425828970332,0.4612391181661354,
3.975251712140916,10,7,0.6579406631762653,0.25290705403415764,0.16639783485318924
5.02121703127401,10,1,0.8027923211169284,,
8.454097744662967,10,3,0.9581151832460733,0.43227624884561416,0.4141704373756408
2.5314371865509533,20,1,0.19197207678883071,,
3.0,20,1,0.2443280977312391,,
3.7067303501837214,20,2,0.44502617801047123,0.4284445453649271,
4.872875897807569,20,2,0.6544502617801047,0.5095669630371173,0.3334862323541344
6.105076047673805,20,1,0.8289703315881326,,
9.804542554161095,20,2,0.9511343804537522,0.49527650775684984,0.47107451435860936
