recording_id,participant_id,class,window_start_seconds,window_end_seconds,boundary_window,K-means,Agglomerative clustering,DBSCAN,Gaussian mixture model
R001,P01,bumpy,0.04536962890625,5.03890283203125,True,1,1,1,0
R001,P01,bumpy,2.547143798828125,7.54066748046875,True,0,0,0,0
R001,P01,bumpy,5.048909912109375,10.0424248046875,False,0,0,0,1
R001,P01,bumpy,7.55067431640625,12.544173095703124,False,0,0,0,1
R001,P01,bumpy,10.052431640625,15.045907470703124,False,0,0,0,1
R001,P01,bumpy,12.55418017578125,17.54762646484375,False,0,0,0,0
R001,P01,bumpy,15.055914306640625,20.049334228515626,False,0,0,0,0
R001,P01,bumpy,17.5576337890625,22.55102587890625,False,0,0,0,0
R001,P01,bumpy,20.059340087890625,25.052704345703123,False,0,0,0,1
R001,P01,bumpy,22.561032958984374,27.554370849609374,False,0,0,0,1
R001,P01,bumpy,25.062711181640626,30.056027099609373,False,0,0,0,1
R001,P01,bumpy,27.564376953125,32.55767309570312,False,0,0,0,1
R001,P01,bumpy,30.066032958984376,35.059308349609374,False,0,0,0,1
R001,P01,bumpy,32.56767895507812,37.56093676757813,True,0,0,0,0
R001,P01,bumpy,35.0693154296875,40.06443115234375,True,1,1,-1,0
R004,P01,bumpy,0.048792724609375,5.04193994140625,True,1,1,1,0
R004,P01,bumpy,2.550361572265625,7.543541259765625,True,0,0,0,0
R004,P01,bumpy,5.051946044921875,10.04514990234375,False,0,0,0,0
R004,P01,bumpy,7.553547607421875,12.546764404296875,False,0,0,0,0
R004,P01,bumpy,10.05515673828125,15.04837841796875,False,0,0,0,0
R004,P01,bumpy,12.55677001953125,17.5499892578125,False,0,0,0,0
R004,P01,bumpy,15.058385498046874,20.051593505859376,False,0,0,0,0
R004,P01,bumpy,17.559994873046875,22.553189453125,False,0,0,0,0
R004,P01,bumpy,20.061599365234375,25.05477978515625,False,0,0,0,0
R004,P01,bumpy,22.563195556640625,27.556362548828126,False,0,0,0,0
R004,P01,bumpy,25.064785400390626,30.05793896484375,False,0,0,0,0
R004,P01,bumpy,27.566369384765625,32.55950830078125,False,0,0,0,0
R004,P01,bumpy,30.067945068359375,35.06107202148438,True,0,0,0,0
R004,P01,bumpy,32.56951416015625,37.564505615234374,True,1,1,-1,0
R005,P01,bumpy,0.033987060546875,5.02716552734375,True,1,1,1,0
R005,P01,bumpy,2.535576171875,7.528770263671875,True,0,0,0,0
R005,P01,bumpy,5.037171142578125,10.030381103515625,False,0,0,0,0
R005,P01,bumpy,7.538777587890625,12.5319912109375,False,0,0,0,0
R005,P01,bumpy,10.040386962890626,15.03360009765625,False,0,0,0,0
R005,P01,bumpy,12.54199853515625,17.535203857421877,False,0,0,0,0
R005,P01,bumpy,15.04360595703125,20.036800048828123,False,0,0,0,0
R005,P01,bumpy,17.5452099609375,22.538389404296876,False,0,0,0,0
R005,P01,bumpy,20.046805908203126,25.03997216796875,False,0,0,0,0
R005,P01,bumpy,22.548396728515623,27.541548583984376,False,0,0,0,0
R005,P01,bumpy,25.049977783203126,30.0431181640625,False,0,0,0,0
R005,P01,bumpy,27.551554443359375,32.544683837890624,False,0,0,0,0
R005,P01,bumpy,30.053124267578124,35.046244140625,False,0,0,0,0
R005,P01,bumpy,32.55469091796875,37.5477998046875,False,0,0,0,0
R005,P01,bumpy,35.05625,40.04934912109375,True,1,1,-1,0
R005,P01,bumpy,37.5578056640625,42.55152319335937,True,1,1,-1,0
R006,P01,bumpy,0.046054443359375,5.0392548828125,True,1,1,1,0
R006,P01,bumpy,2.5476572265625,7.54086767578125,True,1,0,0,0
R006,P01,bumpy,5.049260986328125,10.0424833984375,False,0,0,0,0
R006,P01,bumpy,7.55087353515625,12.544100341796875,False,0,0,0,1
R006,P01,bumpy,10.052490478515624,15.0457109375,False,0,0,0,1
R006,P01,bumpy,12.554106201171875,17.547316650390623,False,0,0,0,1
R006,P01,bumpy,15.05571826171875,20.048915283203126,False,0,0,0,1
R006,P01,bumpy,17.557323486328126,22.550507080078123,False,0,0,0,1
R006,P01,bumpy,20.05892138671875,25.052090576171874,False,0,0,0,1
R006,P01,bumpy,22.560513916015626,27.553669189453124,False,0,0,0,1
R006,P01,bumpy,25.06209716796875,30.05523974609375,False,0,0,0,1
R006,P01,bumpy,27.56367529296875,32.55680688476563,False,0,0,0,1
R006,P01,bumpy,30.065246826171876,35.05836791992188,False,0,0,0,1
R006,P01,bumpy,32.56681274414063,37.55992431640625,False,0,0,0,1
R006,P01,bumpy,35.06837353515625,40.06147509765625,False,0,0,0,1
R006,P01,bumpy,37.569930419921874,42.56302197265625,False,0,0,0,1
R006,P01,bumpy,40.07148120117188,45.064565185546876,False,0,0,0,1
R006,P01,bumpy,42.57302807617187,47.5661044921875,False,0,0,0,1
R006,P01,bumpy,45.074571044921875,50.06763916015625,False,0,0,0,1
R006,P01,bumpy,47.57611083984375,52.56917138671875,True,0,0,0,0
R006,P01,bumpy,50.07764599609375,55.07132788085938,True,1,1,-1,0
R007,P01,bumpy,0.053822998046875,5.04752197265625,True,1,1,1,0
R007,P01,bumpy,2.555975341796875,7.549096923828125,True,0,0,0,0
R007,P01,bumpy,5.05752783203125,10.050683349609375,False,0,0,0,0
R007,P01,bumpy,7.5591025390625,12.552276611328125,False,0,0,0,0
R007,P01,bumpy,10.060690185546875,15.05386767578125,False,0,0,0,0
R007,P01,bumpy,12.562282470703124,17.555456787109375,False,0,0,0,0
R007,P01,bumpy,15.063875,20.05704150390625,False,0,0,0,0
R007,P01,bumpy,17.565462890625,22.55862353515625,False,0,0,0,0
R007,P01,bumpy,20.067048583984374,25.060203857421875,False,0,0,0,0
R007,P01,bumpy,22.568630615234376,27.5617802734375,False,0,0,0,0
R007,P01,bumpy,25.0702099609375,30.063353271484374,False,0,0,0,0
R007,P01,bumpy,27.571786376953124,32.56492065429688,False,0,0,0,0
R007,P01,bumpy,30.0733603515625,35.066484619140624,False,0,0,0,0
R007,P01,bumpy,32.574927978515625,37.56804248046875,False,0,0,0,0
R007,P01,bumpy,35.076490966796875,40.06959497070312,False,0,0,0,0
R007,P01,bumpy,37.57804833984375,42.57114282226563,True,0,0,0,0
R007,P01,bumpy,40.07960107421875,45.0733154296875,True,1,1,-1,0
R008,P01,bumpy,0.081974609375,5.0761513671875,True,1,1,1,0
R008,P01,bumpy,2.58437841796875,7.577933837890625,True,0,0,0,0
R008,P01,bumpy,5.086158203125,10.0797138671875,False,0,0,0,0
R008,P01,bumpy,7.587941162109375,12.58148828125,False,0,0,0,0
R008,P01,bumpy,10.0897216796875,15.083249755859375,False,0,0,0,0
R008,P01,bumpy,12.5914951171875,17.58500048828125,False,0,0,0,0
R008,P01,bumpy,15.0932568359375,20.086737548828125,False,0,0,0,0
R008,P01,bumpy,17.59500732421875,22.588463134765625,False,0,0,0,0
R008,P01,bumpy,20.096744384765625,25.09017724609375,False,0,0,0,0
R008,P01,bumpy,22.598469482421876,27.59188232421875,True,0,0,0,0
R008,P01,bumpy,25.100183837890626,30.09357666015625,True,1,1,-1,0
R009,P01,bumpy,0.037502197265625,5.0308935546875,True,1,1,1,0
R009,P01,bumpy,2.53920068359375,7.53260009765625,True,0,0,0,0
R009,P01,bumpy,5.040900390625,10.03430810546875,False,0,0,0,0
R009,P01,bumpy,7.542607177734375,12.536014404296875,False,0,0,0,0
R009,P01,bumpy,10.044314208984375,15.037715576171875,False,0,0,0,0
R009,P01,bumpy,12.546021484375,17.5394072265625,False,0,0,0,0
R009,P01,bumpy,15.04772119140625,20.0410908203125,False,0,0,0,0
R009,P01,bumpy,17.54941455078125,22.54276513671875,False,0,0,0,0
R009,P01,bumpy,20.05109814453125,25.044430908203125,False,0,0,0,0
R009,P01,bumpy,22.552772216796875,27.546087890625,False,0,0,0,0
R009,P01,bumpy,25.054437255859376,30.047736328125,False,0,0,0,0
R009,P01,bumpy,27.5560947265625,32.5493779296875,False,0,0,0,0
R009,P01,bumpy,30.057743408203127,35.05101098632812,False,0,0,0,0
R009,P01,bumpy,32.55938500976563,37.55263403320313,False,0,0,0,0
R009,P01,bumpy,35.06101684570312,40.05424926757812,False,0,0,0,0
R009,P01,bumpy,37.56264086914062,42.5558564453125,False,0,0,0,0
R009,P01,bumpy,40.064256103515625,45.057458740234374,False,0,0,0,0
R009,P01,bumpy,42.56586254882812,47.55905834960937,False,0,0,0,0
R009,P01,bumpy,45.067465087890625,50.06065454101562,True,0,0,0,0
R009,P01,bumpy,47.56906494140625,52.564125,True,1,1,-1,0
R010,P01,bumpy,0.036549560546875,5.02978076171875,True,1,1,1,0
R010,P01,bumpy,2.53816162109375,7.53142138671875,True,0,0,0,0
R010,P01,bumpy,5.039786865234375,10.033072265625,False,0,0,0,0
R010,P01,bumpy,7.541428466796875,12.5347275390625,False,0,0,0,0
R010,P01,bumpy,10.043079345703125,15.03638330078125,False,0,0,0,0
R010,P01,bumpy,12.544734375,17.5380390625,False,0,0,0,0
R010,P01,bumpy,15.046390380859375,20.039689453125,False,0,0,0,0
R010,P01,bumpy,17.5480458984375,22.5413369140625,False,0,0,0,0
R010,P01,bumpy,20.049696533203125,25.04297802734375,False,0,0,0,0
R010,P01,bumpy,22.55134326171875,27.544615234375,False,0,0,0,0
R010,P01,bumpy,25.052984130859375,30.046247802734374,False,0,0,0,0
R010,P01,bumpy,27.554621337890627,32.54787573242187,False,0,0,0,0
R010,P01,bumpy,30.0562548828125,35.049496826171875,False,0,0,0,0
R010,P01,bumpy,32.5578818359375,37.55111376953125,False,0,0,0,0
R010,P01,bumpy,35.05950415039062,40.05272534179687,False,0,0,0,0
R010,P01,bumpy,37.56111962890625,42.55433447265625,False,0,0,0,0
R010,P01,bumpy,40.0627314453125,45.055939453125,True,0,0,0,0
R010,P01,bumpy,42.56434057617187,47.55941845703125,True,1,1,-1,0
R011,P01,bumpy,0.054333251953125,5.04804150390625,True,1,1,1,0
R011,P01,bumpy,2.55649462890625,7.549615478515625,True,0,0,0,0
R011,P01,bumpy,5.058047119140625,10.051204345703125,False,0,0,0,1
R011,P01,bumpy,7.55962158203125,12.55280029296875,False,0,0,0,1
R011,P01,bumpy,10.061210205078124,15.05439501953125,False,0,0,0,1
R011,P01,bumpy,12.56280615234375,17.555988525390624,False,0,0,0,1
R011,P01,bumpy,15.06440185546875,20.05757568359375,False,0,0,0,1
R011,P01,bumpy,17.565994384765624,22.559158447265624,False,0,0,0,1
R011,P01,bumpy,20.067581787109376,25.06073388671875,False,0,0,0,1
R011,P01,bumpy,22.56916455078125,27.56230078125,False,0,0,0,1
R011,P01,bumpy,25.07073974609375,30.06386181640625,False,0,0,0,1
R011,P01,bumpy,27.572306640625,32.565417724609375,False,0,0,0,1
R011,P01,bumpy,30.073867431640625,35.06696875,True,1,1,-1,0
R011,P01,bumpy,32.575423828125,37.570392822265624,True,1,1,-1,0
R012,P01,bumpy,0.040574951171875,5.0340009765625,True,1,1,1,0
R012,P01,bumpy,2.54227099609375,7.535765380859375,True,0,0,0,0
R012,P01,bumpy,5.044008056640625,10.0375400390625,False,0,0,0,0
R012,P01,bumpy,7.5457724609375,12.539314208984376,False,0,0,0,0
R012,P01,bumpy,10.047547119140624,15.041082275390625,False,0,0,0,0
R012,P01,bumpy,12.549322021484375,17.542836669921876,False,0,0,0,0
R012,P01,bumpy,15.051089599609375,20.044574951171874,False,0,0,0,0
R012,P01,bumpy,17.55284375,22.546294677734377,False,0,0,0,0
R012,P01,bumpy,20.054581787109374,25.047996826171875,False,0,0,0,0
R012,P01,bumpy,22.556301513671876,27.54968408203125,False,0,0,0,0
R012,P01,bumpy,25.058003662109375,30.051356201171874,False,0,0,0,0
R012,P01,bumpy,27.559691162109374,32.55301586914062,False,0,0,0,0
R012,P01,bumpy,30.061363037109373,35.05466357421875,False,0,0,0,0
R012,P01,bumpy,32.563022705078126,37.556299072265624,False,0,0,0,0
R012,P01,bumpy,35.06466967773437,40.05792602539063,True,0,0,0,0
R012,P01,bumpy,37.56630639648437,42.559541748046875,True,1,1,-1,0
R013,P02,smooth,0.091088623046875,5.101767333984375,True,1,1,1,0
R013,P02,smooth,2.601450439453125,7.61212060546875,True,0,0,0,0
R013,P02,smooth,5.111808349609375,10.122473876953125,False,0,0,0,1
R013,P02,smooth,7.62216259765625,12.63282421875,False,0,0,0,1
R013,P02,smooth,10.1325146484375,15.143162841796874,False,0,0,0,1
R013,P02,smooth,12.642865234375,17.653493408203126,False,0,0,0,1
R013,P02,smooth,15.153204833984375,20.1638173828125,False,0,0,0,1
R013,P02,smooth,17.6635341796875,22.674132568359376,False,0,0,0,1
R013,P02,smooth,20.173858154296877,25.184446044921874,False,0,0,0,1
R013,P02,smooth,22.6841748046875,27.69475,False,0,0,0,1
R013,P02,smooth,25.19448828125,30.20504541015625,False,0,0,0,1
R013,P02,smooth,27.704791015625,32.715336669921875,False,0,0,0,1
R013,P02,smooth,30.215086181640626,35.22562255859375,False,0,0,0,1
R013,P02,smooth,32.725377685546874,37.73590502929687,False,0,0,0,1
R013,P02,smooth,35.235663330078125,40.246181640625,False,0,0,0,1
R013,P02,smooth,37.74594580078125,42.75645458984375,False,0,0,0,1
R013,P02,smooth,40.25622265625,45.266722412109374,False,0,0,0,0
R013,P02,smooth,42.76649560546875,47.77698657226563,True,1,1,-1,0
R013,P02,smooth,45.276763671875,50.28725439453125,True,1,1,-1,0
R014,P02,smooth,0.05798681640625,5.068481689453125,True,1,1,1,0
R014,P02,smooth,2.568252197265625,7.578757568359375,True,0,0,0,0
R014,P02,smooth,5.0785224609375,10.08902880859375,False,0,0,0,1
R014,P02,smooth,7.58879833984375,12.599299560546875,False,0,0,0,1
R014,P02,smooth,10.09906982421875,15.10956689453125,False,0,0,0,1
R014,P02,smooth,12.60934033203125,17.619829345703124,False,0,0,0,1
R014,P02,smooth,15.11960791015625,20.130087158203125,False,0,0,0,1
R014,P02,smooth,17.629870361328123,22.64034521484375,False,0,0,0,1
R014,P02,smooth,20.140128173828124,25.150595458984377,False,0,0,0,1
R014,P02,smooth,22.650386474609373,27.66083837890625,False,0,0,0,1
R014,P02,smooth,25.16063623046875,30.1710751953125,False,0,0,0,1
R014,P02,smooth,27.67087939453125,32.68130590820312,False,0,0,0,1
R014,P02,smooth,30.181116455078126,35.19153247070312,False,0,0,0,1
R014,P02,smooth,32.69134692382813,37.70175390625,False,0,0,0,1
R014,P02,smooth,35.20157348632812,40.21197021484375,False,0,0,0,1
R014,P02,smooth,37.711794921875,42.722181884765625,False,0,0,0,1
R014,P02,smooth,40.22201123046875,45.23239599609375,False,0,0,0,1
R014,P02,smooth,42.73222265625,47.74260546875,True,0,0,0,0
R014,P02,smooth,45.24243701171875,50.25281494140625,True,1,1,-1,0
R015,P02,smooth,0.058109619140625,5.069016845703125,True,1,1,1,0
R015,P02,smooth,2.568587158203125,7.57947998046875,True,0,0,0,0
R015,P02,smooth,5.07905859375,10.08994287109375,False,0,0,0,1
R015,P02,smooth,7.58952197265625,12.6003974609375,False,0,0,0,1
R015,P02,smooth,10.09998486328125,15.110845703125,False,0,0,0,1
R015,P02,smooth,12.610439697265624,17.621283447265625,False,0,0,0,1
R015,P02,smooth,15.120886474609375,20.13171337890625,False,0,0,0,1
R015,P02,smooth,17.631325439453125,22.64213818359375,False,0,0,0,1
R015,P02,smooth,20.141755615234374,25.152556396484375,False,0,0,0,1
R015,P02,smooth,22.65218017578125,27.662969482421875,False,0,0,0,1
R015,P02,smooth,25.1625986328125,30.173380615234375,False,0,0,0,1
R015,P02,smooth,27.6730107421875,32.68378588867188,False,0,0,0,1
R015,P02,smooth,30.183421630859375,35.194194580078126,False,0,0,0,1
R015,P02,smooth,32.693827880859374,37.7045966796875,False,0,0,0,1
R015,P02,smooth,35.2042353515625,40.21499487304688,True,0,0,0,0
R015,P02,smooth,37.71463916015625,42.7253876953125,True,0,0,0,0
R016,P02,smooth,0.06069775390625,5.071461669921875,True,1,1,1,0
R016,P02,smooth,2.5711005859375,7.581865478515625,True,0,0,0,0
R016,P02,smooth,5.08150390625,10.09226904296875,False,0,0,0,1
R016,P02,smooth,7.591907470703125,12.60266943359375,False,0,0,0,1
R016,P02,smooth,10.10231005859375,15.113068359375,False,0,0,0,1
R016,P02,smooth,12.612711181640625,17.62346630859375,False,0,0,0,1
R016,P02,smooth,15.123110595703125,20.133861572265626,False,0,0,0,1
R016,P02,smooth,17.633507568359374,22.644256103515627,False,0,0,0,1
R016,P02,smooth,20.14390283203125,25.15464990234375,False,0,0,0,1
R016,P02,smooth,22.654298095703126,27.665042724609375,False,0,0,0,1
R016,P02,smooth,25.16469189453125,30.175436279296875,False,0,0,0,1
R016,P02,smooth,27.675084716796874,32.685828857421875,False,0,0,0,1
R016,P02,smooth,30.185477294921874,35.196218017578126,False,0,0,0,1
R016,P02,smooth,32.69586962890625,37.70660791015625,False,0,0,0,1
R016,P02,smooth,35.206259765625,40.2169990234375,False,0,0,0,1
R016,P02,smooth,37.71664990234375,42.72738745117187,False,0,0,0,1
R016,P02,smooth,40.2270400390625,45.2377744140625,False,0,0,0,1
R016,P02,smooth,42.7374287109375,47.748158935546876,True,0,0,0,1
R016,P02,smooth,45.24781567382813,50.25854150390625,True,1,1,-1,0
R017,P02,smooth,0.06185693359375,5.07253759765625,True,1,1,1,0
R017,P02,smooth,2.572219482421875,7.58289697265625,True,0,0,0,0
R017,P02,smooth,5.08257861328125,10.09325537109375,False,0,0,0,1
R017,P02,smooth,7.59293798828125,12.603616455078125,False,0,0,0,1
R017,P02,smooth,10.10329736328125,15.113972900390625,False,0,0,0,1
R017,P02,smooth,12.613658447265625,17.624328369140624,False,0,0,0,1
R017,P02,smooth,15.124014892578124,20.134680908203126,False,0,0,0,1
R017,P02,smooth,17.634370361328124,22.645032958984373,False,0,0,0,1
R017,P02,smooth,20.14472265625,25.155383544921875,False,0,0,0,1
R017,P02,smooth,22.655074951171876,27.665733642578125,False,0,0,0,1
R017,P02,smooth,25.16542578125,30.17608154296875,False,0,0,0,1
R017,P02,smooth,27.675774658203125,32.68642749023437,False,0,0,0,1
R017,P02,smooth,30.186122802734374,35.19677514648438,False,0,0,0,1
R017,P02,smooth,32.69646850585937,37.7071220703125,True,0,0,0,1
R017,P02,smooth,35.20681616210938,40.21746606445313,True,0,0,0,0
R018,P02,smooth,0.06042578125,5.07137939453125,True,1,1,1,0
R018,P02,smooth,2.57092578125,7.5818681640625,True,0,0,0,0
R018,P02,smooth,5.081421142578125,10.092349365234375,False,0,0,0,1
R018,P02,smooth,7.59191015625,12.60282177734375,False,0,0,0,1
R018,P02,smooth,10.10239111328125,15.113288330078126,False,0,0,0,1
R018,P02,smooth,12.61286376953125,17.623753662109376,False,0,0,0,1
R018,P02,smooth,15.123330322265625,20.1342099609375,False,0,0,0,1
R018,P02,smooth,17.63379443359375,22.644658203125,False,0,0,0,1
R018,P02,smooth,20.144251953125,25.15510009765625,False,0,0,0,1
R018,P02,smooth,22.654699951171875,27.665535888671876,False,0,0,0,1
R018,P02,smooth,25.165141845703126,30.175968017578125,False,0,0,0,1
R018,P02,smooth,27.675577880859375,32.686400634765626,False,0,0,0,1
R018,P02,smooth,30.186009765625,35.196839599609376,False,0,0,0,1
R018,P02,smooth,32.69644262695312,37.70727734375,False,0,0,0,1
R018,P02,smooth,35.20688159179687,40.217717041015625,False,0,0,0,1
R018,P02,smooth,37.717318359375,42.7281591796875,True,0,0,0,1
R018,P02,smooth,40.227758056640624,45.23859716796875,True,1,1,-1,0
R019,P02,smooth,0.0587431640625,5.069531005859375,True,1,1,1,0
R019,P02,smooth,2.569158447265625,7.579957275390625,True,0,0,0,0
R019,P02,smooth,5.0795732421875,10.0903857421875,False,0,0,0,1
R019,P02,smooth,7.5899990234375,12.600813232421874,False,0,0,0,1
R019,P02,smooth,10.100427734375,15.1112353515625,False,0,0,0,1
R019,P02,smooth,12.610854248046875,17.621654296875,False,0,0,0,1
R019,P02,smooth,15.121278076171874,20.13206982421875,False,0,0,0,1
R019,P02,smooth,17.6316962890625,22.642481201171876,False,0,0,0,1
R019,P02,smooth,20.14211181640625,25.1528876953125,False,0,0,0,1
R019,P02,smooth,22.65252197265625,27.663289306640625,False,0,0,0,1
R019,P02,smooth,25.1629296875,30.173689208984374,False,0,0,0,1
R019,P02,smooth,27.6733310546875,32.684088623046875,False,0,0,0,1
R019,P02,smooth,30.183731201171874,35.19448046875,False,0,0,0,1
R019,P02,smooth,32.69413061523438,37.70486669921875,False,0,0,0,1
R019,P02,smooth,35.20452172851562,40.215249755859375,False,0,0,0,1
R019,P02,smooth,37.71490893554687,42.725629638671876,False,0,0,0,1
R019,P02,smooth,40.225291015625,45.236007568359376,False,0,0,0,0
R019,P02,smooth,42.735670654296875,47.7463828125,True,1,1,-1,0
R019,P02,smooth,45.24604956054687,50.25676147460938,True,1,1,-1,0
R021,P02,smooth,0.05779736328125,5.068508056640625,True,1,1,1,0
R021,P02,smooth,2.568174560546875,7.578879150390625,True,0,0,0,0
R021,P02,smooth,5.078549072265625,10.08924755859375,False,0,0,0,1
R021,P02,smooth,7.588921142578125,12.5996142578125,False,0,0,0,1
R021,P02,smooth,10.09928857421875,15.109977783203124,False,0,0,0,1
R021,P02,smooth,12.6096552734375,17.62034228515625,False,0,0,0,1
R021,P02,smooth,15.12001904296875,20.130705810546875,False,0,0,0,1
R021,P02,smooth,17.630384033203125,22.641076416015625,False,0,0,0,1
R021,P02,smooth,20.140748291015626,25.151447509765624,False,0,0,0,1
R021,P02,smooth,22.65111767578125,27.6618173828125,False,0,0,0,1
R021,P02,smooth,25.161488525390624,30.172184814453125,False,0,0,0,1
R021,P02,smooth,27.6718583984375,32.68255297851562,False,0,0,0,1
R021,P02,smooth,30.182225830078124,35.192920166015625,False,0,0,0,1
R021,P02,smooth,32.69259423828125,37.7032890625,False,0,0,0,1
R021,P02,smooth,35.20296215820313,40.21365771484375,False,0,0,0,1
R021,P02,smooth,37.713330078125,42.72402661132813,False,0,0,0,1
R021,P02,smooth,40.22369946289062,45.234396240234375,True,0,0,0,1
R021,P02,smooth,42.73406884765625,47.744767578125,True,0,0,0,0
R022,P02,smooth,0.05981103515625,5.070504150390625,True,1,1,1,0
R022,P02,smooth,2.570177734375,7.58087255859375,True,0,0,0,0
R022,P02,smooth,5.08054638671875,10.091240478515624,False,0,0,0,1
R022,P02,smooth,7.59091455078125,12.601605712890626,False,0,0,0,1
R022,P02,smooth,10.101281494140625,15.111968505859375,False,0,0,0,1
R022,P02,smooth,12.611647705078125,17.622331787109374,False,0,0,0,1
R022,P02,smooth,15.1220107421875,20.13269189453125,False,0,0,0,1
R022,P02,smooth,17.632373779296874,22.643051513671875,False,0,0,0,1
R022,P02,smooth,20.14273291015625,25.153409912109375,False,0,0,0,1
R022,P02,smooth,22.653093505859374,27.663766845703126,False,0,0,0,1
R022,P02,smooth,25.163450927734374,30.174122802734374,False,0,0,0,1
R022,P02,smooth,27.6738076171875,32.68447631835937,False,0,0,0,1
R022,P02,smooth,30.18416357421875,35.19483154296875,False,0,0,0,1
R022,P02,smooth,32.69451733398437,37.70518896484375,False,0,0,0,1
R022,P02,smooth,35.20487255859375,40.215547607421875,False,0,0,0,1
R022,P02,smooth,37.71522998046875,42.72590869140625,False,0,0,0,1
R022,P02,smooth,40.22558959960938,45.23626904296875,False,0,0,0,1
R022,P02,smooth,42.735949951171875,47.74663061523437,True,0,0,0,1
R022,P02,smooth,45.24631030273437,50.257,True,0,0,0,0
R023,P02,smooth,0.064180908203125,5.07514794921875,True,1,1,1,0
R023,P02,smooth,2.574666015625,7.585685791015625,True,0,0,0,1
R023,P02,smooth,5.085189697265625,10.09622412109375,False,0,0,0,1
R023,P02,smooth,7.595728759765625,12.606754638671875,False,0,0,0,1
R023,P02,smooth,10.106265869140625,15.11727587890625,False,0,0,0,1
R023,P02,smooth,12.616796630859374,17.627785888671873,False,0,0,0,1
R023,P02,smooth,15.127318115234376,20.138286865234374,False,0,0,0,1
R023,P02,smooth,17.63782763671875,22.648780029296876,False,0,0,0,1
R023,P02,smooth,20.148328857421873,25.159262451171877,False,0,0,0,1
R023,P02,smooth,22.658822021484376,27.669739013671876,False,0,0,0,1
R023,P02,smooth,25.1693046875,30.1802060546875,False,0,0,0,1
R023,P02,smooth,27.67978125,32.69066625976563,False,0,0,0,1
R023,P02,smooth,30.190248046875,35.201117431640625,False,0,0,0,1
R023,P02,smooth,32.700708251953124,37.71156079101563,False,0,0,0,1
R023,P02,smooth,35.21115942382813,40.221994873046874,False,0,0,0,1
R023,P02,smooth,37.721602783203124,42.732419921875,False,0,0,0,1
R023,P02,smooth,40.232037109375,45.242837646484375,True,0,0,0,1
R023,P02,smooth,42.74246166992187,47.75324584960938,True,0,0,0,0
R024,P02,smooth,0.0663310546875,5.077273193359375,True,1,1,1,0
R024,P02,smooth,2.576826904296875,7.58775732421875,True,0,0,0,0
R024,P02,smooth,5.087315673828125,10.09823779296875,False,0,0,0,1
R024,P02,smooth,7.59779931640625,12.608711181640626,False,0,0,0,1
R024,P02,smooth,10.10827978515625,15.11917822265625,False,0,0,0,1
R024,P02,smooth,12.618753173828125,17.62963818359375,False,0,0,0,1
R024,P02,smooth,15.129219970703126,20.140091552734376,False,0,0,0,1
R024,P02,smooth,17.639679931640625,22.6505400390625,False,0,0,0,1
R024,P02,smooth,20.150132568359375,25.160983154296876,False,0,0,0,1
R024,P02,smooth,22.660581787109376,27.67141943359375,False,0,0,0,1
R024,P02,smooth,25.1710244140625,30.18185400390625,False,0,0,0,1
R024,P02,smooth,27.681461669921877,32.69228466796875,False,0,0,0,1
R024,P02,smooth,30.19189599609375,35.20271142578125,False,0,0,0,1
R024,P02,smooth,32.70232641601562,37.7131357421875,False,0,0,0,1
R024,P02,smooth,35.21275366210938,40.22355541992187,False,0,0,0,1
R024,P02,smooth,37.7231767578125,42.7339716796875,False,0,0,0,1
R024,P02,smooth,40.2335966796875,45.2443857421875,True,0,0,0,1
R024,P02,smooth,42.74401342773437,47.75479638671875,True,1,1,-1,0
R025,P01,smooth,0.049026611328125,5.042342529296875,True,1,1,1,0
R025,P01,smooth,2.550689697265625,7.54400634765625,True,0,0,0,0
R025,P01,smooth,5.052349365234375,10.045669677734375,False,0,0,0,1
R025,P01,smooth,7.554013427734375,12.547328369140626,False,0,0,0,1
R025,P01,smooth,10.0556767578125,15.0489775390625,False,0,0,0,1
R025,P01,smooth,12.557335205078125,17.55061572265625,False,0,0,0,1
R025,P01,smooth,15.058984619140626,20.052243896484374,False,0,0,0,1
R025,P01,smooth,17.56062255859375,22.5538642578125,False,0,0,0,1
R025,P01,smooth,20.062250732421877,25.0554775390625,False,0,0,0,1
R025,P01,smooth,22.563871337890625,27.55708203125,False,0,0,0,1
R025,P01,smooth,25.065484619140626,30.058677490234373,False,0,0,0,1
R025,P01,smooth,27.567087890625,32.56026440429687,False,0,0,0,1
R025,P01,smooth,30.06868408203125,35.06184375,False,0,0,0,1
R025,P01,smooth,32.57027026367187,37.563418212890625,False,0,0,0,1
R025,P01,smooth,35.07184985351562,40.064985107421876,False,0,0,0,1
R025,P01,smooth,37.57342431640625,42.5665478515625,False,0,0,0,1
R025,P01,smooth,40.07499194335937,45.068107421875,True,0,0,0,0
R025,P01,smooth,42.576553955078126,47.56966284179688,True,1,1,-1,0
R026,P01,smooth,0.04356201171875,5.0368408203125,True,1,1,1,0
R026,P01,smooth,2.54520166015625,7.53849365234375,True,0,0,0,0
R026,P01,smooth,5.0468466796875,10.04015087890625,False,0,0,0,1
R026,P01,smooth,7.54850048828125,12.541805419921875,False,0,0,0,1
R026,P01,smooth,10.050157958984375,15.043451904296875,False,0,0,0,1
R026,P01,smooth,12.551811279296874,17.545089599609376,False,0,0,0,1
R026,P01,smooth,15.0534580078125,20.046712890625,False,0,0,0,1
R026,P01,smooth,17.555095458984376,22.548325439453127,False,0,0,0,1
R026,P01,smooth,20.05672021484375,25.049923828125,False,0,0,0,1
R026,P01,smooth,22.558331298828126,27.551513427734374,False,0,0,0,1
R026,P01,smooth,25.059930908203125,30.05308984375,False,0,0,0,1
R026,P01,smooth,27.56151953125,32.554658203125,False,0,0,0,1
R026,P01,smooth,30.063096923828127,35.05621752929687,False,0,0,0,1
R026,P01,smooth,32.56466381835938,37.55777270507812,False,0,0,0,1
R026,P01,smooth,35.066224365234376,40.05932275390625,False,0,0,0,1
R026,P01,smooth,37.56777856445313,42.5608681640625,False,0,0,0,1
R026,P01,smooth,40.06932861328125,45.06240942382812,True,0,0,0,0
R026,P01,smooth,42.5708740234375,47.563947509765626,True,1,1,-1,0
R029,P01,smooth,0.038450927734375,5.031786865234375,True,1,1,1,0
R029,P01,smooth,2.540116455078125,7.5334736328125,True,1,0,0,0
R029,P01,smooth,5.04179296875,10.035166015625,False,0,0,0,1
R029,P01,smooth,7.54348046875,12.53685400390625,False,0,0,0,1
R029,P01,smooth,10.0451728515625,15.038530517578126,False,0,0,0,1
R029,P01,smooth,12.54685986328125,17.540194580078126,False,0,0,0,1
R029,P01,smooth,15.04853662109375,20.0418466796875,False,0,0,0,1
R029,P01,smooth,17.55020166015625,22.543486572265625,False,0,0,0,1
R029,P01,smooth,20.05185400390625,25.04511328125,False,0,0,0,1
R029,P01,smooth,22.553492431640624,27.546728271484376,False,0,0,0,1
R029,P01,smooth,25.055120361328125,30.0483310546875,False,0,0,0,1
R029,P01,smooth,27.556734130859375,32.54992236328125,False,0,0,0,1
R029,P01,smooth,30.058336669921875,35.051505859375,False,0,0,0,1
R029,P01,smooth,32.5599296875,37.553081298828126,False,0,0,0,1
R029,P01,smooth,35.061512939453124,40.054651123046874,False,0,0,0,1
R029,P01,smooth,37.56308740234375,42.5562158203125,False,0,0,0,0
R029,P01,smooth,40.064658203125,45.05777416992188,True,1,1,-1,0
R029,P01,smooth,42.566221923828124,47.56120361328125,True,1,1,-1,0
R030,P01,smooth,0.047832763671875,5.047253173828125,True,1,1,1,0
R030,P01,smooth,2.555666015625,7.548866943359375,True,0,0,0,0
R030,P01,smooth,5.05726025390625,10.051119873046876,False,0,0,0,0
R030,P01,smooth,7.558873046875,12.552751953125,False,0,0,0,0
R030,P01,smooth,10.061127197265625,15.0543818359375,False,0,0,0,0
R030,P01,smooth,12.562759033203125,17.55600634765625,False,0,0,0,0
R030,P01,smooth,15.064388427734375,20.057620849609375,False,0,0,0,0
R030,P01,smooth,17.566012451171876,22.559225341796875,False,0,0,0,0
R030,P01,smooth,20.067626953125,25.0608203125,False,0,0,0,0
R030,P01,smooth,22.569231201171874,27.562406982421876,False,0,0,0,0
R030,P01,smooth,25.070826416015624,30.063985595703127,False,0,0,0,0
R030,P01,smooth,27.5724130859375,32.56555737304687,False,0,0,0,0
R030,P01,smooth,30.07399267578125,35.067122802734374,False,0,0,0,0
R030,P01,smooth,32.575564453125,37.568681884765624,True,0,0,0,0
R030,P01,smooth,35.077128662109374,40.07211206054688,True,1,1,-1,0
R031,P01,smooth,0.045381103515625,5.038528076171875,True,1,1,1,0
R031,P01,smooth,2.5469560546875,7.540117431640625,True,0,0,0,0
R031,P01,smooth,5.0485341796875,10.04171240234375,False,0,0,0,0
R031,P01,smooth,7.55012353515625,12.543307373046876,False,0,0,0,0
R031,P01,smooth,10.051718505859375,15.044899658203125,False,0,0,0,0
R031,P01,smooth,12.553314208984375,17.5464873046875,False,0,0,0,0
R031,P01,smooth,15.054906005859374,20.0480673828125,False,0,0,0,0
R031,P01,smooth,17.556492919921876,22.549639892578124,False,0,0,0,0
R031,P01,smooth,20.058073486328126,25.051205810546875,False,0,0,0,0
R031,P01,smooth,22.559646240234375,27.552764892578125,False,0,0,0,0
R031,P01,smooth,25.0612119140625,30.05431591796875,False,0,0,0,0
R031,P01,smooth,27.56277099609375,32.555862548828124,False,0,0,0,0
R031,P01,smooth,30.064322021484376,35.057401611328125,True,0,0,0,0
R031,P01,smooth,32.56586865234375,37.55956274414063,True,1,1,-1,0
R033,P02,bumpy,0.062628173828125,5.072397705078125,True,1,1,1,0
R033,P02,bumpy,2.5725322265625,7.58230322265625,True,0,0,0,0
R033,P02,bumpy,5.0824375,10.092209716796875,False,0,0,0,1
R033,P02,bumpy,7.59234326171875,12.602116455078125,False,0,0,0,1
R033,P02,bumpy,10.102249755859376,15.112021728515625,False,0,0,0,1
R033,P02,bumpy,12.612155517578126,17.62192626953125,False,0,0,0,1
R033,P02,bumpy,15.122061767578124,20.131833251953125,False,0,0,0,1
R033,P02,bumpy,17.63196533203125,22.641734619140625,False,0,0,0,1
R033,P02,bumpy,20.14187255859375,25.1516337890625,False,0,0,0,1
R033,P02,bumpy,22.651773681640623,27.66152880859375,False,0,0,0,1
R033,P02,bumpy,25.161673828125,30.17142236328125,False,0,0,0,1
R033,P02,bumpy,27.671568115234376,32.6813125,False,0,0,0,1
R033,P02,bumpy,30.18146142578125,35.19120092773438,False,0,0,0,1
R033,P02,bumpy,32.6913525390625,37.70108813476563,False,0,0,0,1
R033,P02,bumpy,35.20123999023438,40.210973388671874,False,0,0,0,1
R033,P02,bumpy,37.711127197265625,42.72085693359375,True,0,0,0,1
R033,P02,bumpy,40.22101245117187,45.23074633789062,True,0,0,0,0
R034,P02,bumpy,0.063303466796875,5.072970703125,True,1,1,1,0
R034,P02,bumpy,2.57315576171875,7.582833984375,True,0,0,0,0
R034,P02,bumpy,5.083010986328125,10.09269921875,False,0,0,0,1
R034,P02,bumpy,7.592873779296875,12.6025673828125,False,0,0,0,1
R034,P02,bumpy,10.102738037109376,15.112435546875,False,0,0,0,1
R034,P02,bumpy,12.612606201171875,17.622303466796875,False,0,0,0,1
R034,P02,bumpy,15.122474365234375,20.1321728515625,False,0,0,0,1
R034,P02,bumpy,17.632342529296874,22.642040283203126,False,0,0,0,1
R034,P02,bumpy,20.142211669921874,25.151912109375,False,0,0,0,1
R034,P02,bumpy,22.65208056640625,27.661787109375,False,0,0,0,1
R034,P02,bumpy,25.1619521484375,30.171664306640626,False,0,0,0,1
R034,P02,bumpy,27.671826171875,32.68154443359375,False,0,0,0,1
R034,P02,bumpy,30.181702880859376,35.19143115234375,False,0,0,0,1
R034,P02,bumpy,32.69158422851562,37.701322509765625,False,0,0,0,1
R034,P02,bumpy,35.20147119140625,40.211219482421875,False,0,0,0,1
R034,P02,bumpy,37.71136181640625,42.72112133789062,False,0,0,0,1
R034,P02,bumpy,40.22125927734375,45.231026611328126,False,0,0,0,1
R034,P02,bumpy,42.73116040039063,47.740932861328126,False,0,0,0,1
R034,P02,bumpy,45.2410654296875,50.25083813476562,True,0,0,0,0
R034,P02,bumpy,47.75097216796875,52.76074389648438,True,1,1,-1,0
R035,P02,bumpy,0.06107421875,5.070865234375,True,1,1,1,0
R035,P02,bumpy,2.57098974609375,7.58077880859375,True,0,0,0,1
R035,P02,bumpy,5.080904052734375,10.090691650390625,False,0,0,0,1
R035,P02,bumpy,7.590818603515625,12.60060595703125,False,0,0,0,1
R035,P02,bumpy,10.100731689453125,15.110521728515625,False,0,0,0,1
R035,P02,bumpy,12.61064599609375,17.6204375,False,0,0,0,1
R035,P02,bumpy,15.120561767578126,20.130353271484374,False,0,0,0,1
R035,P02,bumpy,17.630476318359374,22.6402705078125,False,0,0,0,1
R035,P02,bumpy,20.140393310546877,25.15018603515625,False,0,0,0,1
R035,P02,bumpy,22.65030908203125,27.66010009765625,False,0,0,0,1
R035,P02,bumpy,25.16022509765625,30.170013671875,False,0,0,0,1
R035,P02,bumpy,27.67014013671875,32.679921630859376,False,0,0,0,1
R035,P02,bumpy,30.180052734375,35.189829833984376,False,0,0,0,1
R035,P02,bumpy,32.68996142578125,37.699735595703125,False,0,0,0,1
R035,P02,bumpy,35.199868896484375,40.20963891601563,False,0,0,0,1
R035,P02,bumpy,37.70977563476563,42.719541015625,False,0,0,0,1
R035,P02,bumpy,40.21967797851563,45.22944140625,False,0,0,0,1
R035,P02,bumpy,42.729580322265626,47.739340087890625,False,0,0,0,1
R035,P02,bumpy,45.2394814453125,50.249237060546875,True,0,0,0,1
R035,P02,bumpy,47.749379150390624,52.75913427734375,True,0,0,0,0
R036,P02,bumpy,0.062140869140625,5.071944091796875,True,1,1,1,0
R036,P02,bumpy,2.57206103515625,7.5818662109375,True,0,0,0,0
R036,P02,bumpy,5.081984130859375,10.0917890625,False,0,0,0,1
R036,P02,bumpy,7.59190625,12.601712158203124,False,0,0,0,1
R036,P02,bumpy,10.101829345703125,15.111633544921874,False,0,0,0,1
R036,P02,bumpy,12.61175146484375,17.621552490234375,False,0,0,0,1
R036,P02,bumpy,15.12167333984375,20.131469482421874,False,0,0,0,1
R036,P02,bumpy,17.631591552734374,22.6413818359375,False,0,0,0,1
R036,P02,bumpy,20.14150830078125,25.151292724609377,False,0,0,0,1
R036,P02,bumpy,22.6514208984375,27.661199462890625,False,0,0,0,1
R036,P02,bumpy,25.16133251953125,30.171103759765625,False,0,0,0,1
R036,P02,bumpy,27.671239501953124,32.68100854492187,False,0,0,0,0
R036,P02,bumpy,30.181142822265624,35.190907958984376,False,0,0,0,0
R036,P02,bumpy,32.69104736328125,37.700804931640626,False,0,0,0,1
R036,P02,bumpy,35.20094799804688,40.210701171875,False,0,0,0,0
R036,P02,bumpy,37.71084497070313,42.720594970703125,False,0,0,0,1
R036,P02,bumpy,40.2207412109375,45.230488525390626,False,0,0,0,1
R036,P02,bumpy,42.73063525390625,47.74038037109375,False,0,0,0,1
R036,P02,bumpy,45.2405283203125,50.250271240234376,True,0,0,0,1
R036,P02,bumpy,47.75042016601562,52.7601611328125,True,0,0,0,0
R037,P02,bumpy,0.05815869140625,5.0679404296875,True,1,1,1,0
R037,P02,bumpy,2.568069091796875,7.577852783203125,True,0,0,0,1
R037,P02,bumpy,5.077980712890625,10.087764892578125,False,0,0,0,1
R037,P02,bumpy,7.587892822265625,12.597677001953125,False,0,0,0,1
R037,P02,bumpy,10.097804931640624,15.107588134765624,False,0,0,0,1
R037,P02,bumpy,12.607717041015626,17.617497802734373,False,0,0,0,1
R037,P02,bumpy,15.117628173828125,20.127404052734374,False,0,0,0,1
R037,P02,bumpy,17.627536865234376,22.63730859375,False,0,0,0,1
R037,P02,bumpy,20.137444091796876,25.147208740234376,False,0,0,0,1
R037,P02,bumpy,22.64734765625,27.6571064453125,False,0,0,0,1
R037,P02,bumpy,25.15724755859375,30.167001708984376,False,0,0,0,1
R037,P02,bumpy,27.667145263671873,32.676895751953126,False,0,0,0,1
R037,P02,bumpy,30.177041015625,35.18678759765625,False,0,0,0,1
R037,P02,bumpy,32.6869345703125,37.69667724609375,False,0,0,0,1
R037,P02,bumpy,35.19682763671875,40.206566162109375,False,0,0,0,1
R037,P02,bumpy,37.70671728515625,42.71645434570313,False,0,0,0,1
R037,P02,bumpy,40.21660620117188,45.22634033203125,True,0,0,0,1
R037,P02,bumpy,42.7264931640625,47.736225830078126,True,0,0,0,1
R039,P02,bumpy,0.0598466796875,5.069642578125,True,1,1,1,0
R039,P02,bumpy,2.5697626953125,7.579563720703125,True,0,0,0,0
R039,P02,bumpy,5.0796826171875,10.08948681640625,False,0,0,0,1
R039,P02,bumpy,7.589602783203125,12.5994111328125,False,0,0,0,1
R039,P02,bumpy,10.099525390625,15.10933447265625,False,0,0,0,1
R039,P02,bumpy,12.6094501953125,17.619255859375,False,0,0,0,1
R039,P02,bumpy,15.11937451171875,20.129176025390624,False,0,0,0,1
R039,P02,bumpy,17.629295654296875,22.639091552734374,False,0,0,0,1
R039,P02,bumpy,20.139216064453127,25.149007080078125,False,0,0,0,1
R039,P02,bumpy,22.649131591796873,27.658921875,False,0,0,0,1
R039,P02,bumpy,25.1590458984375,30.168841796875,False,0,0,0,1
R039,P02,bumpy,27.6689619140625,32.67876806640625,False,0,0,0,1
R039,P02,bumpy,30.1788818359375,35.18870166015625,False,0,0,0,1
R039,P02,bumpy,32.68880786132812,37.69864135742188,False,0,0,0,1
R039,P02,bumpy,35.19874169921875,40.20858520507812,False,0,0,0,1
R039,P02,bumpy,37.70868115234375,42.71853125,False,0,0,0,1
R039,P02,bumpy,40.2186240234375,45.22848095703125,True,0,0,0,1
R039,P02,bumpy,42.7285712890625,47.738435546875,True,1,1,0,0
R041,P02,bumpy,0.059294921875,5.06919677734375,True,1,1,1,0
R041,P02,bumpy,2.569262451171875,7.579174560546875,True,0,0,0,0
R041,P02,bumpy,5.079236572265625,10.089156005859374,False,0,0,0,1
R041,P02,bumpy,7.58921435546875,12.5991376953125,False,0,0,0,1
R041,P02,bumpy,10.09919580078125,15.109121826171876,False,0,0,0,1
R041,P02,bumpy,12.609177734375,17.61910595703125,False,0,0,0,1
R041,P02,bumpy,15.119161865234375,20.129090087890624,False,0,0,0,1
R041,P02,bumpy,17.629144775390625,22.639070068359374,False,0,0,0,1
R041,P02,bumpy,20.139130126953123,25.14904443359375,False,0,0,0,1
R041,P02,bumpy,22.649109130859376,27.659017822265625,False,0,0,0,0
R041,P02,bumpy,25.159084716796876,30.16898583984375,False,0,0,0,0
R041,P02,bumpy,27.669056884765624,32.67895288085938,False,0,0,0,0
R041,P02,bumpy,30.17902587890625,35.188919921875,False,0,0,0,0
R041,P02,bumpy,32.68899291992187,37.6988876953125,False,0,0,0,0
R041,P02,bumpy,35.1989599609375,40.208856201171876,False,0,0,0,1
R041,P02,bumpy,37.70892749023437,42.71882788085937,False,0,0,0,1
R041,P02,bumpy,40.21889624023437,45.228798828125,True,0,0,0,1
R041,P02,bumpy,42.72886694335938,47.738768310546874,True,1,1,-1,0
