recording_id,window_start_seconds,window_end_seconds,window_center_seconds,predicted_class,probability_bumpy
DEPLOYMENT_001,0.053595947265625,5.069491943359375,2.5615439453124997,smooth,0.3792569806975318
DEPLOYMENT_001,2.566573974609375,7.58246240234375,5.074518188476563,smooth,0.2059548314136701
DEPLOYMENT_001,5.079543701171875,10.0954287109375,7.587486206054687,bumpy,0.5367275781602807
DEPLOYMENT_001,7.592514404296875,12.608377197265625,10.10044580078125,smooth,0.26879661082869755
DEPLOYMENT_001,10.10548095703125,15.121314697265625,12.613397827148438,bumpy,0.5142273599417226
DEPLOYMENT_001,12.618427978515625,17.634241455078126,15.126334716796876,bumpy,0.8584978437351225
DEPLOYMENT_001,15.13136669921875,20.1471572265625,17.639261962890625,bumpy,0.5386095632952224
DEPLOYMENT_001,17.6442939453125,22.660065673828125,20.152179809570313,smooth,0.2508508145767664
DEPLOYMENT_001,20.157208251953126,25.172964599609376,22.66508642578125,smooth,0.3521942980832835
DEPLOYMENT_001,22.670117919921875,27.685853515625,25.17798571777344,smooth,0.2864855221593364
DEPLOYMENT_001,25.183015625,30.198741943359376,27.690878784179688,smooth,0.14851837446949023
DEPLOYMENT_001,27.69590576171875,32.71161108398437,30.20375842285156,smooth,0.19045693841383116
DEPLOYMENT_001,30.208792724609374,35.2244736328125,32.716633178710936,smooth,0.17760379877637467
DEPLOYMENT_001,32.72166284179688,37.7373291015625,35.22949597167969,smooth,0.20312293648505353
DEPLOYMENT_001,35.234525634765625,40.25017822265625,37.74235192871094,smooth,0.35164944624625694
DEPLOYMENT_001,37.74738110351562,42.763036865234376,40.255208984375,smooth,0.45719967875575573
DEPLOYMENT_001,40.260229248046876,45.27592309570313,42.768076171875,bumpy,0.6155213762353244
DEPLOYMENT_001,42.7730888671875,47.78881127929687,45.28095007324218,bumpy,0.8835427541693633
DEPLOYMENT_001,45.28597534179688,50.301686279296874,47.79383081054688,bumpy,0.9398608435999974
DEPLOYMENT_001,47.79886303710938,52.81454907226563,50.3067060546875,bumpy,0.922063168892843
DEPLOYMENT_001,50.3117373046875,55.32739819335937,52.819567749023435,bumpy,0.848660607299293
DEPLOYMENT_001,52.824600341796874,57.8402373046875,55.332418823242186,bumpy,0.7233962918721845
DEPLOYMENT_001,55.33744897460937,60.35307885742188,57.845263916015625,bumpy,0.950470611145332
DEPLOYMENT_001,57.850289306640626,62.86590869140625,60.35809899902344,bumpy,0.9747876397815753
DEPLOYMENT_001,60.36313110351563,65.37872705078125,62.87092907714844,bumpy,0.9720538744499551
DEPLOYMENT_001,62.87595947265625,67.89154565429688,65.38375256347656,bumpy,0.9115563239872659
DEPLOYMENT_001,65.388779296875,70.40436791992188,67.89657360839844,bumpy,0.7921015875861086
DEPLOYMENT_001,67.9015966796875,72.91718115234374,70.40938891601562,bumpy,0.8241249194818592
DEPLOYMENT_001,70.414419921875,75.42999438476562,72.9222071533203,bumpy,0.5764421076923798
DEPLOYMENT_001,72.9272333984375,77.94280053710938,75.43501696777344,bumpy,0.6053272610832187
DEPLOYMENT_001,75.44004541015624,80.455609375,77.94782739257812,bumpy,0.6270225444866232
DEPLOYMENT_001,77.95285131835938,82.96841723632812,80.46063427734376,bumpy,0.5255093445490366
DEPLOYMENT_001,80.46566040039062,85.48122509765625,82.97344274902343,bumpy,0.5066734573553927
DEPLOYMENT_001,82.97846923828125,87.9940380859375,85.48625366210938,smooth,0.42936443242340283
DEPLOYMENT_001,85.49127612304687,90.50685034179688,87.99906323242188,smooth,0.4873264467951237
DEPLOYMENT_001,88.00409033203125,93.01966552734375,90.5118779296875,smooth,0.3076603189351135
DEPLOYMENT_001,90.51690209960938,95.53251928710938,93.02471069335938,smooth,0.26074366761175527
DEPLOYMENT_001,93.02971655273437,98.04539282226563,95.5375546875,smooth,0.3270234507623766
DEPLOYMENT_001,95.54257006835938,100.55826879882812,98.05041943359376,smooth,0.35642682262645753
DEPLOYMENT_001,98.05544482421875,103.071162109375,100.56330346679687,smooth,0.49712146610056196
DEPLOYMENT_001,100.56832104492187,105.58405615234375,103.07618859863281,bumpy,0.5248242722931094
DEPLOYMENT_001,103.0812138671875,108.09694018554687,105.58907702636719,smooth,0.25459161290107435
DEPLOYMENT_001,105.594107421875,110.609818359375,108.101962890625,smooth,0.2370348709780129
DEPLOYMENT_001,108.1069912109375,113.1227177734375,110.6148544921875,bumpy,0.6327466196550116
DEPLOYMENT_001,110.61986938476562,115.63562231445313,113.12774584960937,smooth,0.42658294178887757
DEPLOYMENT_001,113.13276879882812,118.14851586914062,115.64064233398437,smooth,0.18725274540501957
DEPLOYMENT_001,115.64567333984375,120.66140209960938,118.15353771972656,smooth,0.4367050539089087
DEPLOYMENT_001,118.15856787109375,123.17428002929688,120.66642395019531,bumpy,0.7383451131173888
DEPLOYMENT_001,120.67145385742188,125.68714990234375,123.17930187988281,smooth,0.4750865015229756
DEPLOYMENT_001,123.18433203125,128.200013671875,125.6921728515625,smooth,0.19761828212579613
DEPLOYMENT_001,125.69720190429688,130.71286889648437,128.2050354003906,bumpy,0.7120217396344948
DEPLOYMENT_001,128.21006494140624,133.22572338867187,130.71789416503907,bumpy,0.8488508482045884
DEPLOYMENT_001,130.7229208984375,135.73857348632814,133.2307471923828,smooth,0.4309921921482549
DEPLOYMENT_001,133.23577416992188,138.25141625976562,135.74359521484377,smooth,0.4083874643443929
DEPLOYMENT_001,135.74862451171876,140.7642529296875,138.25643872070313,smooth,0.12000579361533148
DEPLOYMENT_001,138.26146728515624,143.2770693359375,140.76926831054686,smooth,0.029964343363328094
DEPLOYMENT_001,140.7743046875,145.78987841796874,143.28209155273436,smooth,0.005440858208682675
DEPLOYMENT_001,143.28712036132814,148.30267749023437,145.79489892578124,smooth,0.03027262579397727
DEPLOYMENT_001,145.7999294433594,150.81548779296875,148.30770861816407,smooth,0.0007501249826636913
DEPLOYMENT_001,148.31272924804688,153.3283056640625,150.8205174560547,smooth,0.015818290587215622
DEPLOYMENT_001,150.82553881835938,155.84112377929688,153.3333312988281,smooth,0.02618345619424034
DEPLOYMENT_001,153.3383576660156,158.35393896484376,155.84614831542967,smooth,0.012035947663126323
DEPLOYMENT_001,155.8511748046875,160.86675244140625,158.35896362304686,smooth,0.2962351680298263
DEPLOYMENT_001,158.36398974609375,163.37956982421875,160.87177978515626,bumpy,0.8950046971497352
DEPLOYMENT_001,160.87680346679687,165.8923828125,163.38459313964842,bumpy,0.7018257188323123
DEPLOYMENT_001,163.38962084960937,168.40519067382812,165.89740576171874,smooth,0.17487767708511737
DEPLOYMENT_001,165.9024338378906,170.91799267578125,168.41021325683593,smooth,0.14050107683941437
DEPLOYMENT_001,168.41524169921874,173.43079467773438,170.92301818847656,smooth,0.05172699004630388
DEPLOYMENT_001,170.92804443359375,175.9435859375,173.43581518554686,smooth,0.23473583877111426
DEPLOYMENT_001,173.4408464355469,178.4563759765625,175.9486112060547,smooth,0.388426626968973
DEPLOYMENT_001,175.9536369628906,180.96916723632813,178.46140209960936,smooth,6.001738375505106e-06
DEPLOYMENT_001,178.46642700195312,183.481955078125,180.97419104003905,smooth,0.03599666912196087
DEPLOYMENT_001,180.97921826171876,185.99474658203124,183.48698242187498,bumpy,0.8820412048779318
DEPLOYMENT_001,183.4920068359375,188.50753247070313,185.9997696533203,bumpy,0.9299659063920868
DEPLOYMENT_001,186.00479760742186,191.0203244628906,188.51256103515624,bumpy,0.6535217675553782
DEPLOYMENT_001,188.51758349609375,193.5331154785156,191.02534948730468,bumpy,0.6435213861635443
DEPLOYMENT_001,191.03037573242187,196.04590771484374,193.5381417236328,bumpy,0.7812935575437228
DEPLOYMENT_001,193.54316674804687,198.5586962890625,196.0509315185547,bumpy,0.7658763677531124
DEPLOYMENT_001,196.0559587402344,201.071482421875,198.5637205810547,bumpy,0.5189544088125929
DEPLOYMENT_001,198.56874755859374,203.5842666015625,201.0765070800781,smooth,0.39063287218375775
DEPLOYMENT_001,201.08153344726563,206.0970458984375,203.58928967285158,bumpy,0.5629593997071921
DEPLOYMENT_001,203.5943173828125,208.60982153320313,206.1020694580078,smooth,0.3862321742966339
DEPLOYMENT_001,206.1070966796875,211.12260473632813,208.6148507080078,bumpy,0.5225120548047448
DEPLOYMENT_001,208.61987255859376,213.63539404296876,211.12763330078127,bumpy,0.9341510863618178
DEPLOYMENT_001,211.13265673828124,216.1481696777344,213.64041320800783,bumpy,0.8719053997748873
DEPLOYMENT_001,213.64544482421874,218.66095092773438,216.15319787597656,bumpy,0.636040881683096
DEPLOYMENT_001,216.158220703125,221.17373217773437,218.6659764404297,bumpy,0.7069491651808433
DEPLOYMENT_001,218.671001953125,223.68651098632813,221.17875646972658,bumpy,0.7141250905108487
DEPLOYMENT_001,221.183783203125,226.19928515625,223.6915341796875,bumpy,0.685221374405379
DEPLOYMENT_001,223.69656201171875,228.71205322265624,226.2043076171875,smooth,0.45173590103926664
DEPLOYMENT_001,226.20933959960936,231.22481713867188,228.7170783691406,smooth,0.46328650917039205
DEPLOYMENT_001,228.72210400390625,233.73757836914064,231.22984118652346,bumpy,0.8586081568220963
DEPLOYMENT_001,231.2348681640625,236.25034008789063,233.74260412597658,bumpy,0.886019083515688
DEPLOYMENT_001,233.74762915039062,238.76309545898437,236.25536230468748,bumpy,0.5917542300240228
DEPLOYMENT_001,236.26039111328126,241.2758630371094,238.7681270751953,smooth,0.32302386864854005
DEPLOYMENT_001,238.773146484375,243.78863159179687,241.28088903808595,smooth,0.3004867944888525
DEPLOYMENT_001,241.28591381835938,246.30141381835938,243.7936638183594,bumpy,0.7873165055042968
DEPLOYMENT_001,243.7986823730469,248.81419360351563,246.30643798828126,smooth,0.3632161352950112
DEPLOYMENT_001,246.31146484375,251.32697241210937,248.81921862792967,bumpy,0.9905112286567033
DEPLOYMENT_001,248.82424462890626,253.83975219726562,251.33199841308596,bumpy,0.9955008503573872
DEPLOYMENT_001,251.3370234375,256.3525285644531,253.84477600097654,bumpy,0.631776864540234
DEPLOYMENT_001,253.84980322265625,258.86530517578126,256.3575541992187,smooth,0.46435055192512686
DEPLOYMENT_001,256.3625793457031,261.37808081054686,258.870330078125,bumpy,0.5054594556164919
DEPLOYMENT_001,258.8753564453125,263.89086083984375,261.3831086425781,smooth,0.16593740211887786
DEPLOYMENT_001,261.3881318359375,266.4036596679687,263.8958957519531,smooth,0.26578148257129786
DEPLOYMENT_001,263.9009118652344,268.9164675292969,266.40868969726563,smooth,0.2213406627515011
DEPLOYMENT_001,266.41371069335935,271.429275390625,268.92149304199216,smooth,0.19295148909280357
DEPLOYMENT_001,268.9265187988281,273.94208325195314,271.4343010253906,smooth,0.2863768341717662
DEPLOYMENT_001,271.439326171875,276.4548815917969,273.9471038818359,smooth,0.23487938597061842
DEPLOYMENT_001,273.95213427734376,278.96768994140626,276.459912109375,smooth,0.34226317851926036
DEPLOYMENT_001,276.4649333496094,281.4804951171875,278.97271423339845,smooth,0.27239343751106815
DEPLOYMENT_001,278.9777409667969,283.993298828125,281.4855198974609,smooth,0.19284327815519375
DEPLOYMENT_001,281.4905461425781,286.50610009765626,283.9983231201172,smooth,0.3704616745806988
DEPLOYMENT_001,284.0033498535156,289.01890161132815,286.5111257324219,bumpy,0.5035474265240838
DEPLOYMENT_001,286.5161511230469,291.531693359375,289.0239222412109,smooth,0.36774040956555587
DEPLOYMENT_001,289.02895385742187,294.04446875,291.53671130371094,smooth,0.1705233823149186
DEPLOYMENT_001,291.541744140625,296.55723046875,294.0494873046875,smooth,0.3231862940741096
DEPLOYMENT_001,294.0545205078125,299.06999096679687,296.56225573730467,smooth,0.4914848805741192
DEPLOYMENT_001,296.56728125,301.58275390625,299.07501757812497,bumpy,0.5778463856003415
DEPLOYMENT_001,299.0800419921875,304.09553637695313,301.5877891845703,smooth,0.31898823993549774
DEPLOYMENT_001,301.59280615234377,306.60831982421877,304.10056298828124,smooth,0.42895601241787706
DEPLOYMENT_001,304.10558715820315,309.1211254882812,306.6133563232422,smooth,0.3192079587712564
DEPLOYMENT_001,306.61837109375,311.63393579101563,309.1261534423828,bumpy,0.5260844359336122
DEPLOYMENT_001,309.1311767578125,314.14674682617186,311.6389617919922,bumpy,0.7756797944991956
DEPLOYMENT_001,311.64398681640625,316.65955786132815,314.1517723388672,bumpy,0.7098231529685108
DEPLOYMENT_001,314.1567978515625,319.1723693847656,316.66458361816404,bumpy,0.5929518411941234
DEPLOYMENT_001,316.6696086425781,321.6851701660156,319.17738940429683,bumpy,0.7329541362619516
DEPLOYMENT_001,319.1824213867188,324.19799438476565,321.6902078857422,bumpy,0.8739583209561184
DEPLOYMENT_001,321.6952219238281,326.7108215332031,324.20302172851564,bumpy,0.8957022917415635
DEPLOYMENT_001,324.2080454101563,329.22365869140623,326.7158520507812,bumpy,0.9116688364521113
DEPLOYMENT_001,326.7208725585937,331.73648999023436,329.22868127441404,bumpy,0.7388296167187163
DEPLOYMENT_001,329.23370971679685,334.2493256835937,331.7415177001953,smooth,0.47174842338416045
DEPLOYMENT_001,331.7465419921875,336.7621689453125,334.25435546874996,bumpy,0.5332682219055194
DEPLOYMENT_001,334.2593776855469,339.27500073242186,336.7671892089844,smooth,0.3290440312628411
DEPLOYMENT_001,336.77222021484374,341.78782934570313,339.28002478027344,smooth,0.4252289770283004
DEPLOYMENT_001,339.2850517578125,344.3006513671875,341.7928515625,smooth,0.2442333743020627
DEPLOYMENT_001,341.79788037109375,346.81346801757815,344.30567419433595,smooth,0.2563787492842161
DEPLOYMENT_001,344.31070361328125,349.326283203125,346.81849340820315,bumpy,0.899507860559953
DEPLOYMENT_001,346.8235187988281,351.8390808105469,349.3312998046875,bumpy,0.8095709230338632
DEPLOYMENT_001,349.3363342285156,354.35186645507815,351.8441003417969,bumpy,0.6985215102689548
DEPLOYMENT_001,351.84913305664065,356.86464892578124,354.35689099121095,bumpy,0.5774766297350327
DEPLOYMENT_001,354.3619177246094,359.37744409179686,356.8696809082031,smooth,0.33793353278767846
DEPLOYMENT_001,356.87469995117186,361.89024462890626,359.38247229003906,smooth,0.4445877516590926
DEPLOYMENT_001,359.3874951171875,364.40304077148437,361.89526794433596,bumpy,0.6589812377991734
DEPLOYMENT_001,361.90029638671876,366.91583447265623,364.4080654296875,bumpy,0.6778465701160308
DEPLOYMENT_001,364.4130915527344,369.42862963867185,366.9208605957031,bumpy,0.8966602918627089
DEPLOYMENT_001,366.9258857421875,371.9414306640625,369.433658203125,bumpy,0.9627188682028445
DEPLOYMENT_001,369.43868041992187,374.45424291992185,371.94646166992186,bumpy,0.8271919466398217
DEPLOYMENT_001,371.95148168945315,376.96705395507814,374.45926782226564,bumpy,0.8105077993760671
DEPLOYMENT_001,374.46429418945314,379.47986108398436,376.9720776367187,bumpy,0.6083581265752849
DEPLOYMENT_001,376.97710498046877,381.9926662597656,379.4848856201172,smooth,0.3838482567091567
DEPLOYMENT_001,379.48991235351565,384.5054772949219,381.9976948242188,smooth,0.4452666573971428
DEPLOYMENT_001,382.0027170410156,387.018296875,384.5105069580078,smooth,0.2993238160925006
DEPLOYMENT_001,384.515529296875,389.5311174316406,387.0233233642578,smooth,0.39256479676782563
DEPLOYMENT_001,387.0283479003906,392.043931640625,389.5361397705078,smooth,0.3351659481331176
DEPLOYMENT_001,389.5411696777344,394.55673852539064,392.0489541015625,bumpy,0.6619855196702178
DEPLOYMENT_001,392.0539826660156,397.06954125976563,394.5617619628906,bumpy,0.9175517901924831
DEPLOYMENT_001,394.56678955078127,399.58234106445315,397.0745653076172,bumpy,0.9313598174482242
DEPLOYMENT_001,397.07959228515625,402.09513842773435,399.5873653564453,bumpy,0.6311051149102034
DEPLOYMENT_001,399.59239208984377,404.6079306640625,402.1001613769531,bumpy,0.8967452406800775
DEPLOYMENT_001,402.105189453125,407.12072045898435,404.61295495605464,bumpy,0.8765948111892902
DEPLOYMENT_001,404.61798168945313,409.6335048828125,407.1257432861328,bumpy,0.5921002463079651
DEPLOYMENT_001,407.13077172851564,412.14628100585935,409.6385263671875,smooth,0.4822988042709546
DEPLOYMENT_001,409.64355615234376,414.659044921875,412.15130053710936,bumpy,0.6291767793137758
DEPLOYMENT_001,412.15633203125,417.1717951660156,414.66406359863277,bumpy,0.6187998958810208
DEPLOYMENT_001,414.669095703125,419.6845576171875,417.1768266601563,bumpy,0.7702130055597827
DEPLOYMENT_001,417.18184594726563,422.19733227539064,419.68958911132813,bumpy,0.7697973133055704
DEPLOYMENT_001,419.6946083984375,424.71011669921876,422.2023625488281,bumpy,0.5044610875289148
DEPLOYMENT_001,422.20738305664065,427.2229055175781,424.7151442871094,bumpy,0.705813977394556
DEPLOYMENT_001,424.72016796875,429.735701171875,427.2279345703125,bumpy,0.689059092958856
DEPLOYMENT_001,427.2329575195312,432.24849975585937,429.74072863769527,bumpy,0.6859671325639962
DEPLOYMENT_001,429.7457531738281,434.76129711914064,432.2535251464844,bumpy,0.9972512108248276
DEPLOYMENT_001,432.2585505371094,437.274099609375,434.76632507324223,bumpy,0.9997030993778385
DEPLOYMENT_001,434.77134814453126,439.7869074707031,437.2791278076172,bumpy,0.9997113995989407
DEPLOYMENT_001,437.28415063476564,442.2997001953125,439.79192541503903,bumpy,0.9995341235706168
DEPLOYMENT_001,439.79695849609374,444.81247265625,442.3047155761719,bumpy,0.9967546661488826
DEPLOYMENT_001,442.3097512207031,447.3252580566406,444.81750463867183,bumpy,0.9940462377007071
DEPLOYMENT_001,444.82252392578124,449.83806420898435,447.3302940673828,bumpy,0.945338406419545
DEPLOYMENT_001,447.33530932617185,452.350904296875,449.8431068115234,bumpy,0.9958382929556046
DEPLOYMENT_001,449.84811547851564,454.86376708984375,452.3559412841797,bumpy,0.9337134374203183
DEPLOYMENT_001,452.360955078125,457.37661767578123,454.86878637695315,bumpy,0.6670146620934988
DEPLOYMENT_001,454.87381811523437,459.8894682617188,457.3816431884766,bumpy,0.6996981793918235
DEPLOYMENT_001,457.38666870117186,462.4023063964844,459.8944875488281,bumpy,0.9508184430921488
DEPLOYMENT_001,459.89951953125,464.9151335449219,462.40732653808595,bumpy,0.9050607079467397
DEPLOYMENT_001,462.4123576660156,467.42794384765625,464.92015075683594,bumpy,0.897682686853294
DEPLOYMENT_001,464.92518481445313,469.9407412109375,467.4329630126953,bumpy,0.6220356269267543
DEPLOYMENT_001,467.4379948730469,472.4535344238281,469.9457646484375,smooth,0.3305184475077143
DEPLOYMENT_001,469.95079321289063,474.9663239746094,472.45855859375,smooth,0.31853264323015595
DEPLOYMENT_001,472.4635852050781,477.47910693359376,474.97134606933594,smooth,0.4209682313872507
DEPLOYMENT_001,474.97637475585935,479.99188818359374,477.48413146972655,bumpy,0.5967131226953534
DEPLOYMENT_001,477.4891579589844,482.5046704101562,479.9969141845703,bumpy,0.7338653940286449
DEPLOYMENT_001,480.00193896484376,485.01743798828124,482.5096884765625,bumpy,0.7334708619913294
DEPLOYMENT_001,482.51472119140624,487.53020141601564,485.02246130371094,smooth,0.4543310032842728
DEPLOYMENT_001,485.02748901367187,490.0429621582031,487.5352255859375,smooth,0.10887004185361193
DEPLOYMENT_001,487.5402526855469,492.5557170410156,490.0479848632813,smooth,0.29918873126317935
DEPLOYMENT_001,490.05301293945314,495.06846435546873,492.56073864746094,bumpy,0.8568048721791848
DEPLOYMENT_001,492.56576806640624,497.58120458984376,495.073486328125,bumpy,0.9684226922136694
DEPLOYMENT_001,495.07851440429687,500.0939372558594,497.5862258300781,bumpy,0.9718000460759555
DEPLOYMENT_001,497.5912553710937,502.6066628417969,500.0989591064453,bumpy,0.7715921397224603
DEPLOYMENT_001,500.1039885253906,505.1193798828125,502.61168420410155,bumpy,0.6977908473875075
DEPLOYMENT_001,502.6167138671875,507.6320905761719,505.1244022216797,bumpy,0.6684548262465941
DEPLOYMENT_001,505.1294309082031,510.14480517578124,507.63711804199215,smooth,0.31946020223039795
DEPLOYMENT_001,507.6421416015625,512.6575219726562,510.1498317871094,smooth,0.4798997355801313
DEPLOYMENT_001,510.15485620117187,515.1702351074218,512.6625456542969,smooth,0.3097638107129784
DEPLOYMENT_001,512.6675720214844,517.6829528808594,515.1752624511719,smooth,0.2390732822974786
DEPLOYMENT_001,515.1802861328125,520.1956857910156,517.6879859619141,smooth,0.09519333261374152
DEPLOYMENT_001,517.6930036621094,522.7084516601562,520.2007276611328,smooth,0.18831835872418712
DEPLOYMENT_001,520.2057368164062,525.2212248535157,522.7134808349609,smooth,0.20561601504280935
DEPLOYMENT_001,522.7185026855469,527.734,525.2262513427735,smooth,0.3570556794021873
DEPLOYMENT_001,525.2312758789062,530.2467751464844,527.7390255126953,bumpy,0.6946473470195452
DEPLOYMENT_001,527.7440522460937,532.7595615234375,530.2518068847655,bumpy,0.8456444135388492
DEPLOYMENT_001,530.2568264160157,535.2723742675781,532.764600341797,bumpy,0.508170488676486
DEPLOYMENT_001,532.7696125488281,537.7851989746093,535.2774057617187,smooth,0.26346132561483715
DEPLOYMENT_001,535.2824252929687,540.2980334472657,537.7902293701172,bumpy,0.8827583874175468
DEPLOYMENT_001,537.79525,542.8108586425781,540.303054321289,bumpy,0.9576211721717548
DEPLOYMENT_001,540.3080844726562,545.3236791992188,542.8158818359375,bumpy,0.9004872401815376
DEPLOYMENT_001,542.8209096679687,547.8364899902343,545.3286998291015,bumpy,0.7565054097606546
DEPLOYMENT_001,545.3337309570312,550.349296875,547.8415139160156,bumpy,0.6455513152400554
DEPLOYMENT_001,547.8465407714843,552.8620959472656,550.3543183593749,bumpy,0.8346361087690533
DEPLOYMENT_001,550.35934765625,555.3748898925782,552.867118774414,bumpy,0.7361693995581337
DEPLOYMENT_001,552.8721472167969,557.8876770019531,555.379912109375,bumpy,0.7998287260676475
DEPLOYMENT_001,555.3849418945313,560.4004543457031,557.8926981201172,bumpy,0.5574744402662544
DEPLOYMENT_001,557.8977282714844,562.9132180175782,560.4054731445312,smooth,0.14733030098840338
DEPLOYMENT_001,560.4105053710938,565.4259675292968,562.9182364501953,smooth,0.29228206742234564
DEPLOYMENT_001,562.9232690429687,567.9387121582031,565.4309906005859,bumpy,0.5152142056849458
DEPLOYMENT_001,565.4360185546875,570.451455078125,567.9437368164063,smooth,0.3540075987545064
DEPLOYMENT_001,567.9487634277343,572.9641994628906,570.4564814453124,smooth,0.07009240621516821
DEPLOYMENT_001,570.4615061035156,575.4769409179687,572.9692235107422,smooth,0.03877141175340715
DEPLOYMENT_001,572.9742504882812,577.9896828613281,575.4819666748047,bumpy,0.7497193358191505
DEPLOYMENT_001,575.4869919433594,580.5024255371094,577.9947087402344,bumpy,0.8555801432104716
DEPLOYMENT_001,577.9997338867188,583.0151677246093,580.5074508056641,bumpy,0.9316913278301128
DEPLOYMENT_001,580.5124763183594,585.5279050292969,583.0201906738282,bumpy,0.7824503256640825
DEPLOYMENT_001,583.02521875,588.0406433105469,585.5329310302734,bumpy,0.7962074742819216
DEPLOYMENT_001,585.5379560546875,590.5533662109375,588.0456611328125,bumpy,0.6955512966226394
DEPLOYMENT_001,588.0506943359375,593.0660849609375,590.5583896484375,bumpy,0.7506705982226014
DEPLOYMENT_001,590.5634206542969,595.578794921875,593.071107788086,bumpy,0.6973615106235642
DEPLOYMENT_001,593.0761362304687,598.0914973144531,595.583816772461,bumpy,0.6273462943374508
DEPLOYMENT_001,595.5888459472657,600.6042087402344,598.09652734375,bumpy,0.7405981434395855
DEPLOYMENT_001,598.1015485839844,603.11692578125,600.6092371826171,bumpy,0.8135146257567348
DEPLOYMENT_001,600.6142600097656,605.6296418457031,603.1219509277344,bumpy,0.9050872966699873
DEPLOYMENT_001,603.1269770507813,608.142361328125,605.6346691894532,bumpy,0.9002302085892372
DEPLOYMENT_001,605.6396916503907,610.6550773925782,608.1473845214844,bumpy,0.796137433574215
DEPLOYMENT_001,608.1524123535156,613.1678049316406,610.660108642578,bumpy,0.867924325579032
DEPLOYMENT_001,610.6651284179687,615.6805324707032,613.1728304443359,bumpy,0.7768791864115061
DEPLOYMENT_001,613.1778559570313,618.1932595214844,615.6855577392578,bumpy,0.830191524297187
DEPLOYMENT_001,615.6905834960937,620.7059873046875,618.1982854003907,bumpy,0.9365610417794052
DEPLOYMENT_001,618.203310546875,623.2187854003906,620.7110479736327,bumpy,0.7771272917675446
DEPLOYMENT_001,620.7160383300782,625.7317028808594,623.2238706054688,bumpy,0.741619569074043
DEPLOYMENT_001,623.2288364257812,628.2447275390625,625.7367819824219,bumpy,0.827797529786118
DEPLOYMENT_001,625.7417548828125,630.7578513183594,628.249803100586,bumpy,0.8435379188443065
DEPLOYMENT_001,628.2547795410156,633.2710080566407,630.7628937988281,bumpy,0.8441810029524524
DEPLOYMENT_001,630.7679030761718,635.7841796875,633.276041381836,bumpy,0.8374505479051817
DEPLOYMENT_001,633.2810600585938,638.2974025878906,635.7892313232421,bumpy,0.9248104420423784
DEPLOYMENT_001,635.7942314453124,640.8106701660156,638.302450805664,bumpy,0.9401353071688506
DEPLOYMENT_001,638.3074555664062,643.3240266113281,640.8157410888672,bumpy,0.9709142402748416
DEPLOYMENT_001,640.8207231445313,645.8375119628906,643.329117553711,bumpy,0.9887719769466936
DEPLOYMENT_001,643.3340805664062,648.35104296875,645.8425617675781,bumpy,0.9625082195185519
DEPLOYMENT_001,645.8475656738282,650.8645466308594,648.3560561523439,bumpy,0.758444571477634
DEPLOYMENT_001,648.3610979003906,653.37807421875,650.8695860595703,bumpy,0.6211251967052984
DEPLOYMENT_001,650.8746015625,655.8915546875,653.383078125,bumpy,0.9702336534769332
DEPLOYMENT_001,653.3881281738281,658.4050812988281,655.8966047363281,bumpy,0.9313497921146692
DEPLOYMENT_001,655.9016088867188,660.9187121582031,658.410160522461,bumpy,0.8410982711675411
DEPLOYMENT_001,658.4151362304688,663.4324130859375,660.9237746582031,bumpy,0.8503284345094546
DEPLOYMENT_001,660.9287673339844,665.9460786132812,663.4374229736328,bumpy,0.8970515942087588
DEPLOYMENT_001,663.4424680175781,668.4596572265625,665.9510626220704,bumpy,0.9086813516091166
DEPLOYMENT_001,665.9561337890625,670.9731665039062,668.4646501464844,bumpy,0.8218723612083338
DEPLOYMENT_001,668.4697111816406,673.48660546875,670.9781583251953,bumpy,0.8356249149418443
DEPLOYMENT_001,670.9832204589844,675.9999836425782,673.4916020507812,bumpy,0.9115218651463939
DEPLOYMENT_001,673.4966586914062,678.5133054199218,676.004982055664,bumpy,0.6728399455455547
DEPLOYMENT_001,676.0100363769532,681.0265903320312,678.5183133544922,bumpy,0.9645880573984386
DEPLOYMENT_001,678.5233583984375,683.5398454589844,681.0316019287109,bumpy,0.981917517906246
DEPLOYMENT_001,681.0366435546875,686.0530756835938,683.5448596191407,bumpy,0.9165778256563901
DEPLOYMENT_001,683.5498984375,688.5663049316406,686.0581016845704,bumpy,0.8350531339823618
DEPLOYMENT_001,686.0631286621094,691.0795375976562,688.5713331298828,bumpy,0.7993863476164325
DEPLOYMENT_001,688.5763579101563,693.5927421875,691.0845500488281,bumpy,0.7901078333537002
DEPLOYMENT_001,691.0895893554688,696.1059343261719,693.5977618408203,bumpy,0.6231675560370216
DEPLOYMENT_001,693.6027951660157,698.6191335449219,696.1109643554687,smooth,0.4645591444594568
DEPLOYMENT_001,696.1159873046875,701.1323354492188,698.6241613769531,bumpy,0.8955218797893416
DEPLOYMENT_001,698.6291865234375,703.6455090332031,701.1373477783203,bumpy,0.8167210768193248
DEPLOYMENT_001,701.1423876953126,706.1586535644532,703.6505206298829,bumpy,0.7478047642370058
DEPLOYMENT_001,703.6555610351562,708.6717739257813,706.1636674804688,bumpy,0.7938893761019798
DEPLOYMENT_001,706.1687067871094,711.1848598632813,708.6767833251954,bumpy,0.5762037248732925
DEPLOYMENT_001,708.6818259277344,713.6979262695312,711.1898760986328,smooth,0.4327164586266805
DEPLOYMENT_001,711.1949118652344,716.2109675292969,713.7029396972657,bumpy,0.741114717865355
DEPLOYMENT_001,713.7079782714844,718.7239907226563,716.2159844970704,bumpy,0.7901014168896928
DEPLOYMENT_001,716.2210192871094,721.2370017089844,718.7290104980468,bumpy,0.8706871193536321
DEPLOYMENT_001,718.7340424804687,723.7500087890625,721.2420256347656,bumpy,0.8543793032054086
DEPLOYMENT_001,721.2470534667968,726.26299609375,723.7550247802734,bumpy,0.5318116832316012
DEPLOYMENT_001,723.760060546875,728.7759770507812,726.268018798828,bumpy,0.5879429178129665
DEPLOYMENT_001,726.2730483398437,731.2889406738282,728.7809945068359,bumpy,0.6658337704147224
DEPLOYMENT_001,728.7860290527344,733.801900390625,731.2939647216797,bumpy,0.8554987383261351
DEPLOYMENT_001,731.2989929199218,736.3148525390625,733.8069227294922,bumpy,0.797186967238737
DEPLOYMENT_001,733.8119526367187,738.8277883300781,736.3198704833984,bumpy,0.5389981795707943
DEPLOYMENT_001,736.3249047851563,741.3407214355469,738.8328131103516,bumpy,0.7679934121118897
DEPLOYMENT_001,738.8378403320313,743.8536533203124,741.3457468261719,bumpy,0.9406864230172726
DEPLOYMENT_001,741.3507731933594,746.3665769042968,743.8586750488281,bumpy,0.8144428963494197
DEPLOYMENT_001,743.8637043457031,748.8794946289063,746.3715994873047,bumpy,0.9144422316425788
DEPLOYMENT_001,746.3766279296875,751.3924079589843,748.8845179443359,bumpy,0.8325832517402365
DEPLOYMENT_001,748.8895456542969,753.9053186035156,751.3974321289063,bumpy,0.7373626041577783
DEPLOYMENT_001,751.4024602050781,756.4182248535157,753.9103425292969,bumpy,0.8772324656441478
DEPLOYMENT_001,753.9153706054688,758.9311303710938,756.4232504882813,bumpy,0.9589147261265616
DEPLOYMENT_001,756.4282766113281,761.4440241699219,758.936150390625,bumpy,0.890813471202969
DEPLOYMENT_001,758.9411823730469,763.9569194335937,761.4490509033203,bumpy,0.9310709530610672
DEPLOYMENT_001,761.4540764160156,766.4698266601563,763.9619515380859,bumpy,0.9451017752477132
DEPLOYMENT_001,763.9669702148437,768.9827895507813,766.4748798828125,bumpy,0.7220418279776748
DEPLOYMENT_001,766.4798776855469,771.4958188476562,768.9878482666015,bumpy,0.6024129956383852
DEPLOYMENT_001,768.9928415527344,774.0089162597657,771.50087890625,bumpy,0.9091177182741722
DEPLOYMENT_001,771.50587109375,776.5220571289062,774.013964111328,bumpy,0.7892104726747738
DEPLOYMENT_001,774.0189689941407,779.03524609375,776.5271075439452,smooth,0.35231454278255714
DEPLOYMENT_001,776.5321103515626,781.5484899902344,779.0403001708985,bumpy,0.6540885287267726
DEPLOYMENT_001,779.0452990722656,784.061771484375,781.5535352783203,bumpy,0.8188046199918587
DEPLOYMENT_001,781.5585427246094,786.5750952148437,784.0668189697266,bumpy,0.6860614102169229
DEPLOYMENT_001,784.0718249511718,789.088443359375,786.5801341552734,bumpy,0.579806898326332
DEPLOYMENT_001,786.5851484375,791.6018073730469,789.0934779052734,bumpy,0.7638923174822001
DEPLOYMENT_001,789.0984965820312,794.1151867675782,791.6068416748046,bumpy,0.8429996145697656
DEPLOYMENT_001,791.6118601074219,796.6285852050781,794.12022265625,bumpy,0.6521585672296566
DEPLOYMENT_001,794.1252409667969,799.1419953613281,796.6336181640625,bumpy,0.6005253849913874
DEPLOYMENT_001,796.638638671875,801.6554196777344,799.1470291748046,bumpy,0.7701568229614577
DEPLOYMENT_001,799.1520495605469,804.1688615722657,801.6604555664062,bumpy,0.5629663860467602
DEPLOYMENT_001,801.6654733886719,806.6823198242188,804.1738966064454,smooth,0.02128473346265103
DEPLOYMENT_001,804.1789155273437,809.1958134765625,806.6873645019532,smooth,0.0331743042204341
DEPLOYMENT_001,806.6923740234375,811.7093439941407,809.2008590087892,smooth,0.3440235516683051
DEPLOYMENT_001,809.2058676757813,814.2228874511719,811.7143775634765,smooth,0.0005902188775837036
DEPLOYMENT_001,811.7193989257812,816.7363842773437,814.2278916015625,smooth,0.0444938449662905
DEPLOYMENT_001,814.23294140625,819.2498117675781,816.741376586914,smooth,0.07564735913185239
DEPLOYMENT_001,816.7464379882813,821.7631909179687,819.2548144531249,smooth,0.022326476758349978
DEPLOYMENT_001,819.2598645019531,824.276541015625,821.768202758789,smooth,0.06719169783330448
DEPLOYMENT_001,821.7732451171875,826.7898615722656,824.2815533447265,bumpy,0.8634204342351555
DEPLOYMENT_001,824.2865942382813,829.3031528320313,826.7948735351563,bumpy,0.9790689557051518
DEPLOYMENT_001,826.7999152832032,831.8164187011719,829.3081669921876,smooth,0.06294342030955458
DEPLOYMENT_001,829.3132058105468,834.3296723632812,831.8214390869141,smooth,0.020444312979148505
DEPLOYMENT_001,831.8264729003906,836.842908203125,834.3346905517578,smooth,0.03112706427862255
DEPLOYMENT_001,834.3397255859375,839.3561276855469,836.8479266357422,smooth,0.0022744489314989735
DEPLOYMENT_001,836.8529611816406,841.8693315429688,839.3611463623047,smooth,0.0013299183542927473
DEPLOYMENT_001,839.3661809082031,844.3825275878906,841.8743542480469,smooth,0.03841082375071647
DEPLOYMENT_001,841.879384765625,846.8957062988281,844.3875455322266,smooth,0.00952001873695818
DEPLOYMENT_001,844.3925808105469,849.4088764648437,846.9007286376952,smooth,0.03921289468824085
DEPLOYMENT_001,846.9057592773438,851.9220441894531,849.4139017333985,bumpy,0.9496739413212218
DEPLOYMENT_001,849.4189296875,854.4352053222656,851.9270675048829,smooth,1.669057896469539e-05
DEPLOYMENT_001,851.9320971679688,856.9483420410156,854.4402196044922,bumpy,0.5614481157402725
DEPLOYMENT_001,854.4452585449219,859.4614616699218,856.9533601074219,bumpy,0.904564049422091
DEPLOYMENT_001,856.9583947753906,861.9745607910156,859.4664777832031,bumpy,0.5465535544372748
DEPLOYMENT_001,859.4715146484375,864.4876428222656,861.9795787353515,bumpy,0.5363904683872858
DEPLOYMENT_001,861.9846125488282,867.0007202148438,864.492666381836,bumpy,0.6496840291284336
DEPLOYMENT_001,864.4976948242188,869.5137856445313,867.005740234375,smooth,0.4389565164866771
DEPLOYMENT_001,867.0107727050781,872.0268403320313,869.5188065185547,smooth,0.2655244561247223
DEPLOYMENT_001,869.5238374023437,874.5398874511719,872.0318624267578,bumpy,0.6816348940672787
DEPLOYMENT_001,872.0368930664063,877.0529272460938,874.54491015625,bumpy,0.6153837262515789
DEPLOYMENT_001,874.5499396972656,879.5659614257812,877.0579505615234,bumpy,0.5149574312594489
DEPLOYMENT_001,877.0629802246094,882.0789831542969,879.5709816894532,smooth,0.13491972798010854
DEPLOYMENT_001,879.5760131835938,884.5919956054687,882.0840043945312,bumpy,0.7884802819646047
DEPLOYMENT_001,882.08903515625,887.1050029296875,884.5970190429688,smooth,0.28089491925841303
DEPLOYMENT_001,884.6020478515625,889.6179990234375,887.1100234375,smooth,0.45888351513699577
DEPLOYMENT_001,887.1150549316407,892.1309892578125,889.6230220947266,bumpy,0.6948310427252959
DEPLOYMENT_001,889.6280510253906,894.64398046875,892.1360157470704,smooth,0.47992682486264604
DEPLOYMENT_001,892.141041015625,897.1569729003907,894.6490069580078,bumpy,0.6399558677057133
DEPLOYMENT_001,894.6540322265625,899.6699597167968,897.1619959716797,bumpy,0.5116993245819184
DEPLOYMENT_001,897.1670251464843,902.1829384765625,899.6749818115234,smooth,0.31093949487365924
DEPLOYMENT_001,899.68001171875,904.6959150390625,902.1879633789063,bumpy,0.5780231056119818
DEPLOYMENT_001,902.1929904785156,907.2088930664063,904.700941772461,smooth,0.4218954729971808
DEPLOYMENT_001,904.705966796875,909.7218725585938,907.2139196777343,smooth,0.33683524652429786
DEPLOYMENT_001,907.2189453125,912.2348566894532,909.7269010009766,bumpy,0.6051985776016037
DEPLOYMENT_001,909.7319245605469,914.7478403320313,912.2398824462891,bumpy,0.5406924780005433
DEPLOYMENT_001,912.2449084472656,917.2608229980468,914.7528657226562,bumpy,0.5132206789687668
DEPLOYMENT_001,914.7578923339844,919.773798828125,917.2658455810547,bumpy,0.6925799913002203
DEPLOYMENT_001,917.2708747558594,922.2867697753907,919.778822265625,bumpy,0.8223666853324747
DEPLOYMENT_001,919.7838508300781,924.799734375,922.2917926025391,bumpy,0.7561181645748241
DEPLOYMENT_001,922.2968220214843,927.3127109375,924.8047664794922,smooth,0.4263507015124437
DEPLOYMENT_001,924.8097866210937,929.8256879882813,927.3177373046875,smooth,0.3172163796413008
DEPLOYMENT_001,927.3227631835938,932.3386606445313,929.8307119140625,smooth,0.33011353277472
DEPLOYMENT_001,929.8357399902344,934.8516318359375,932.3436859130859,smooth,0.19649247119954438
DEPLOYMENT_001,932.348712890625,937.3645959472656,934.8566544189453,smooth,0.37770432034222434
DEPLOYMENT_001,934.8616838378906,939.8776076660156,937.3696457519532,bumpy,0.5026879079105513
DEPLOYMENT_001,937.3746477050781,942.3907023925781,939.8826750488281,smooth,0.16929010499004027
DEPLOYMENT_001,939.8876596679687,944.9037951660156,942.3957274169921,bumpy,0.8840108150951952
DEPLOYMENT_001,942.4007541503906,947.4168793945313,944.908816772461,bumpy,0.6998688999307484
DEPLOYMENT_001,944.9138471679687,949.9299689941406,947.4219080810547,bumpy,0.9109174762575896
DEPLOYMENT_001,947.4269313964844,952.4430913085937,949.935011352539,bumpy,0.9353072933919941
DEPLOYMENT_001,949.9400219726563,954.9562685546875,952.4481452636719,bumpy,0.7822379673744161
DEPLOYMENT_001,952.4531442871094,957.4695107421875,954.9613275146485,bumpy,0.5577090280182195
DEPLOYMENT_001,954.9663215332031,959.9828049316407,957.4745632324218,bumpy,0.7480333278324164
DEPLOYMENT_001,957.4795639648438,962.4961237792969,959.9878438720704,bumpy,0.8357899786661942
DEPLOYMENT_001,959.9928581542969,965.0095141601563,962.5011861572266,bumpy,0.870770773215861
DEPLOYMENT_001,962.5061779785157,967.5229780273437,965.0145780029297,bumpy,0.9434448269521363
DEPLOYMENT_001,965.0195681152344,970.03641796875,967.5279930419922,bumpy,0.7248975089993546
DEPLOYMENT_001,967.5330322265625,972.5498232421875,970.041427734375,smooth,0.37685018700985795
DEPLOYMENT_001,970.0464719238281,975.0632177734375,972.5548448486328,bumpy,0.65076520412001
DEPLOYMENT_001,972.5598759765625,977.5765498046875,975.068212890625,bumpy,0.8514770593946468
DEPLOYMENT_001,975.0732719726562,980.0898193359375,977.5815456542969,bumpy,0.7509324308743982
DEPLOYMENT_001,977.5866030273437,982.6030317382813,980.0948173828125,bumpy,0.8173586829052596
DEPLOYMENT_001,980.0998720703125,985.1162009277343,982.6080364990235,bumpy,0.9233989038062679
DEPLOYMENT_001,982.6130849609375,987.629337890625,985.1212114257812,bumpy,0.8344968199888545
DEPLOYMENT_001,985.1262536621093,990.1424475097656,987.6343505859375,smooth,0.36559419242352686
DEPLOYMENT_001,987.6393908691406,992.65553125,990.1474610595703,smooth,0.281521669995042
DEPLOYMENT_001,990.1525007324219,995.1685991210937,992.6605499267578,bumpy,0.7692886356418216
DEPLOYMENT_001,992.665583984375,997.6816540527344,995.1736190185547,bumpy,0.9664182757713082
DEPLOYMENT_001,995.1786513671875,1000.1946889648437,997.6866701660156,bumpy,0.7362430130460705
DEPLOYMENT_001,997.69170703125,1002.7077019042969,1000.1997044677735,bumpy,0.7244135077587887
DEPLOYMENT_001,1000.2047409667969,1005.2207016601562,1002.7127213134765,bumpy,0.886746049814666
DEPLOYMENT_001,1002.71775390625,1007.7336936035156,1005.2257237548828,bumpy,0.9034620180782482
DEPLOYMENT_001,1005.2307536621094,1010.2466728515625,1007.7387132568359,bumpy,0.6923257194255685
DEPLOYMENT_001,1007.7437458496094,1012.7596416015625,1010.2516937255859,bumpy,0.962666760697721
DEPLOYMENT_001,1010.256724609375,1015.2726010742188,1012.764662841797,bumpy,0.5914720561191682
DEPLOYMENT_001,1012.7696926269531,1017.7855473632812,1015.2776199951172,bumpy,0.9660816246330642
DEPLOYMENT_001,1015.2826530761719,1020.2984846191406,1017.7905688476562,smooth,0.47104888601808437
DEPLOYMENT_001,1017.7955986328125,1022.8114150390625,1020.3035068359375,bumpy,0.5258106115116283
