start_seconds,end_seconds,predicted_class,mean_bumpy_score,duration_seconds
0.053595947265625,5.053595947265625,smooth,0.10415763429118371,5.0
5.053595947265625,141.05359594726562,bumpy,0.9939805637675386,136.0
141.05359594726562,156.05359594726562,smooth,0.14016977460395352,15.0
156.05359594726562,176.05359594726562,bumpy,0.8240949414504591,20.0
176.05359594726562,181.05359594726562,smooth,0.2311634163439006,5.0
181.05359594726562,809.0535959472656,bumpy,0.9946495606560234,628.0
809.0535959472656,822.0535959472656,smooth,0.34347926038910537,13.0
822.0535959472656,829.0535959472656,bumpy,0.8408661150990727,7.0
829.0535959472656,847.0535959472656,smooth,0.13539491668169143,18.0
847.0535959472656,849.0535959472656,bumpy,0.9009080064842583,2.0
849.0535959472656,854.0535959472656,smooth,0.49866049707822296,5.0
854.0535959472656,1018.0535959472656,bumpy,0.9986114934480699,164.0
1018.0535959472656,1023.0535959472656,smooth,0.199964238916371,5.0
1023.0535959472656,1024.5805170898439,unknown,,1.5269211425782032
