interval_start_seconds,interval_end_seconds,bumpy_score,covering_windows,predicted_class
0.053595947265625,1.053595947265625,1.332472398418716e-06,1,smooth
1.053595947265625,2.053595947265625,1.332472398418716e-06,1,smooth
2.053595947265625,3.053595947265625,1.332472398418716e-06,1,smooth
3.053595947265625,4.053595947265625,0.2603920870193617,2,smooth
4.053595947265625,5.053595947265625,0.2603920870193617,2,smooth
5.053595947265625,6.053595947265625,0.7603539049050378,2,bumpy
6.053595947265625,7.053595947265625,0.7603539049050378,2,bumpy
7.053595947265625,8.053595947265626,0.7603539049050378,2,bumpy
8.053595947265626,9.053595947265626,0.999530281977145,2,bumpy
9.053595947265626,10.053595947265626,0.999530281977145,2,bumpy
10.053595947265626,11.053595947265626,0.9995503238149943,2,bumpy
11.053595947265626,12.053595947265626,0.9995503238149943,2,bumpy
12.053595947265626,13.053595947265626,0.9995503238149943,2,bumpy
13.053595947265626,14.053595947265626,0.9999814773308586,2,bumpy
14.053595947265626,15.053595947265626,0.9999814773308586,2,bumpy
15.053595947265626,16.053595947265624,0.9999902773078725,2,bumpy
16.053595947265624,17.053595947265624,0.9999902773078725,2,bumpy
17.053595947265624,18.053595947265624,0.9999902773078725,2,bumpy
18.053595947265624,19.053595947265624,0.99948389413805,2,bumpy
19.053595947265624,20.053595947265624,0.99948389413805,2,bumpy
20.053595947265624,21.053595947265624,0.9992796749409927,2,bumpy
21.053595947265624,22.053595947265624,0.9992796749409927,2,bumpy
22.053595947265624,23.053595947265624,0.9992796749409927,2,bumpy
23.053595947265624,24.053595947265624,0.9997036649738855,2,bumpy
24.053595947265624,25.053595947265624,0.9997036649738855,2,bumpy
25.053595947265624,26.053595947265624,0.9997015287003206,2,bumpy
26.053595947265624,27.053595947265624,0.9997015287003206,2,bumpy
27.053595947265624,28.053595947265624,0.9997015287003206,2,bumpy
28.053595947265624,29.053595947265624,0.9996635723676461,2,bumpy
29.053595947265624,30.053595947265624,0.9996635723676461,2,bumpy
30.053595947265624,31.053595947265624,0.9994406526822832,2,bumpy
31.053595947265624,32.05359594726563,0.9994406526822832,2,bumpy
32.05359594726563,33.05359594726563,0.9994406526822832,2,bumpy
33.05359594726563,34.05359594726563,0.9983851587965002,2,bumpy
34.05359594726563,35.05359594726563,0.9983851587965002,2,bumpy
35.05359594726563,36.05359594726563,0.9987665031554936,2,bumpy
36.05359594726563,37.05359594726563,0.9987665031554936,2,bumpy
37.05359594726563,38.05359594726563,0.9987665031554936,2,bumpy
38.05359594726563,39.05359594726563,0.9999298928656818,2,bumpy
39.05359594726563,40.05359594726563,0.9999298928656818,2,bumpy
40.05359594726563,41.05359594726563,0.9999841980125526,2,bumpy
41.05359594726563,42.05359594726563,0.9999841980125526,2,bumpy
42.05359594726563,43.05359594726563,0.9999841980125526,2,bumpy
43.05359594726563,44.05359594726563,0.9999975823786553,2,bumpy
44.05359594726563,45.05359594726563,0.9999975823786553,2,bumpy
45.05359594726563,46.05359594726563,0.9999998664857289,2,bumpy
46.05359594726563,47.05359594726563,0.9999998664857289,2,bumpy
47.05359594726563,48.05359594726563,0.9999998664857289,2,bumpy
48.05359594726563,49.05359594726563,0.999999983133389,2,bumpy
49.05359594726563,50.05359594726563,0.999999983133389,2,bumpy
50.05359594726563,51.05359594726563,0.9999999861025752,2,bumpy
51.05359594726563,52.05359594726563,0.9999999861025752,2,bumpy
52.05359594726563,53.05359594726563,0.9999999861025752,2,bumpy
53.05359594726563,54.05359594726563,0.9999990315908893,2,bumpy
54.05359594726563,55.05359594726563,0.9999990315908893,2,bumpy
55.05359594726563,56.05359594726563,0.999999030509076,2,bumpy
56.05359594726563,57.05359594726563,0.999999030509076,2,bumpy
57.05359594726563,58.05359594726563,0.999999030509076,2,bumpy
58.05359594726563,59.05359594726563,0.9999999835412812,2,bumpy
59.05359594726563,60.05359594726563,0.9999999835412812,2,bumpy
60.05359594726563,61.05359594726563,0.9999999957870384,2,bumpy
61.05359594726563,62.05359594726563,0.9999999957870384,2,bumpy
62.05359594726563,63.05359594726563,0.9999999957870384,2,bumpy
63.05359594726563,64.05359594726562,0.9999999484481996,2,bumpy
64.05359594726562,65.05359594726562,0.9999999484481996,2,bumpy
65.05359594726562,66.05359594726562,0.9999963829514646,2,bumpy
66.05359594726562,67.05359594726562,0.9999963829514646,2,bumpy
67.05359594726562,68.05359594726562,0.9999963829514646,2,bumpy
68.05359594726562,69.05359594726562,0.9999960275976163,2,bumpy
69.05359594726562,70.05359594726562,0.9999960275976163,2,bumpy
70.05359594726562,71.05359594726562,0.9999833571976011,2,bumpy
71.05359594726562,72.05359594726562,0.9999833571976011,2,bumpy
72.05359594726562,73.05359594726562,0.9999833571976011,2,bumpy
73.05359594726562,74.05359594726562,0.9999552098766209,2,bumpy
74.05359594726562,75.05359594726562,0.9999552098766209,2,bumpy
75.05359594726562,76.05359594726562,0.999966738206328,2,bumpy
76.05359594726562,77.05359594726562,0.999966738206328,2,bumpy
77.05359594726562,78.05359594726562,0.999966738206328,2,bumpy
78.05359594726562,79.05359594726562,0.9999930044713368,2,bumpy
79.05359594726562,80.05359594726562,0.9999930044713368,2,bumpy
80.05359594726562,81.05359594726562,0.9999909315244544,2,bumpy
81.05359594726562,82.05359594726562,0.9999909315244544,2,bumpy
82.05359594726562,83.05359594726562,0.9999909315244544,2,bumpy
83.05359594726562,84.05359594726562,0.9999514764236537,2,bumpy
84.05359594726562,85.05359594726562,0.9999514764236537,2,bumpy
85.05359594726562,86.05359594726562,0.9999321964574859,2,bumpy
86.05359594726562,87.05359594726562,0.9999321964574859,2,bumpy
87.05359594726562,88.05359594726562,0.9999321964574859,2,bumpy
88.05359594726562,89.05359594726562,0.999738553442384,2,bumpy
89.05359594726562,90.05359594726562,0.999738553442384,2,bumpy
90.05359594726562,91.05359594726562,0.9955436550726078,2,bumpy
91.05359594726562,92.05359594726562,0.9955436550726078,2,bumpy
92.05359594726562,93.05359594726562,0.9955436550726078,2,bumpy
93.05359594726562,94.05359594726562,0.9936851401890722,2,bumpy
94.05359594726562,95.05359594726562,0.9936851401890722,2,bumpy
95.05359594726562,96.05359594726562,0.9969758921763145,2,bumpy
96.05359594726562,97.05359594726562,0.9969758921763145,2,bumpy
97.05359594726562,98.05359594726562,0.9969758921763145,2,bumpy
98.05359594726562,99.05359594726562,0.9990175668288359,2,bumpy
99.05359594726562,100.05359594726562,0.9990175668288359,2,bumpy
100.05359594726562,101.05359594726562,0.9990175668288359,2,bumpy
101.05359594726562,102.05359594726562,0.9999282076102831,2,bumpy
102.05359594726562,103.05359594726562,0.9999282076102831,2,bumpy
103.05359594726562,104.05359594726562,0.9997017876818397,2,bumpy
104.05359594726562,105.05359594726562,0.9997017876818397,2,bumpy
105.05359594726562,106.05359594726562,0.9997017876818397,2,bumpy
106.05359594726562,107.05359594726562,0.99963852532364,2,bumpy
107.05359594726562,108.05359594726562,0.99963852532364,2,bumpy
108.05359594726562,109.05359594726562,0.9999141709599636,2,bumpy
109.05359594726562,110.05359594726562,0.9999141709599636,2,bumpy
110.05359594726562,111.05359594726562,0.9999141709599636,2,bumpy
111.05359594726562,112.05359594726562,0.9999915744697028,2,bumpy
112.05359594726562,113.05359594726562,0.9999915744697028,2,bumpy
113.05359594726562,114.05359594726562,0.9987182252727178,2,bumpy
114.05359594726562,115.05359594726562,0.9987182252727178,2,bumpy
115.05359594726562,116.05359594726562,0.9987182252727178,2,bumpy
116.05359594726562,117.05359594726562,0.9986307899286914,2,bumpy
117.05359594726562,118.05359594726562,0.9986307899286914,2,bumpy
118.05359594726562,119.05359594726562,0.999905247392132,2,bumpy
119.05359594726562,120.05359594726562,0.999905247392132,2,bumpy
120.05359594726562,121.05359594726562,0.999905247392132,2,bumpy
121.05359594726562,122.05359594726562,0.9998696946700946,2,bumpy
122.05359594726562,123.05359594726562,0.9998696946700946,2,bumpy
123.05359594726562,124.05359594726562,0.999547379693459,2,bumpy
124.05359594726562,125.05359594726562,0.999547379693459,2,bumpy
125.05359594726562,126.05359594726562,0.999547379693459,2,bumpy
126.05359594726562,127.05359594726562,0.999674995813034,2,bumpy
127.05359594726562,128.05359594726562,0.999674995813034,2,bumpy
128.05359594726562,129.05359594726562,0.9999962803896502,2,bumpy
129.05359594726562,130.05359594726562,0.9999962803896502,2,bumpy
130.05359594726562,131.05359594726562,0.9999962803896502,2,bumpy
131.05359594726562,132.05359594726562,0.9999138464963935,2,bumpy
132.05359594726562,133.05359594726562,0.9999138464963935,2,bumpy
133.05359594726562,134.05359594726562,0.9999054055307144,2,bumpy
134.05359594726562,135.05359594726562,0.9999054055307144,2,bumpy
135.05359594726562,136.05359594726562,0.9999054055307144,2,bumpy
136.05359594726562,137.05359594726562,0.9989761739577916,2,bumpy
137.05359594726562,138.05359594726562,0.9989761739577916,2,bumpy
138.05359594726562,139.05359594726562,0.9898792698472159,2,bumpy
139.05359594726562,140.05359594726562,0.9898792698472159,2,bumpy
140.05359594726562,141.05359594726562,0.9898792698472159,2,bumpy
141.05359594726562,142.05359594726562,0.4992194334790243,2,smooth
142.05359594726562,143.05359594726562,0.4992194334790243,2,smooth
143.05359594726562,144.05359594726562,0.0641974478476971,2,smooth
144.05359594726562,145.05359594726562,0.0641974478476971,2,smooth
145.05359594726562,146.05359594726562,0.0641974478476971,2,smooth
146.05359594726562,147.05359594726562,0.05592507832848942,2,smooth
147.05359594726562,148.05359594726562,0.05592507832848942,2,smooth
148.05359594726562,149.05359594726562,0.007571964679108478,2,smooth
149.05359594726562,150.05359594726562,0.007571964679108478,2,smooth
150.05359594726562,151.05359594726562,0.007571964679108478,2,smooth
151.05359594726562,152.05359594726562,0.1225481006665276,2,smooth
152.05359594726562,153.05359594726562,0.1225481006665276,2,smooth
153.05359594726562,154.05359594726562,0.1772843855102677,2,smooth
154.05359594726562,155.05359594726562,0.1772843855102677,2,smooth
155.05359594726562,156.05359594726562,0.1772843855102677,2,smooth
156.05359594726562,157.05359594726562,0.5591986580587457,2,bumpy
157.05359594726562,158.05359594726562,0.5591986580587457,2,bumpy
158.05359594726562,159.05359594726562,0.9967711445135162,2,bumpy
159.05359594726562,160.05359594726562,0.9967711445135162,2,bumpy
160.05359594726562,161.05359594726562,0.9967711445135162,2,bumpy
161.05359594726562,162.05359594726562,0.99755301895935,2,bumpy
162.05359594726562,163.05359594726562,0.99755301895935,2,bumpy
163.05359594726562,164.05359594726562,0.764197232311889,2,bumpy
164.05359594726562,165.05359594726562,0.764197232311889,2,bumpy
165.05359594726562,166.05359594726562,0.764197232311889,2,bumpy
166.05359594726562,167.05359594726562,0.7063992876224308,2,bumpy
167.05359594726562,168.05359594726562,0.7063992876224308,2,bumpy
168.05359594726562,169.05359594726562,0.7293575531296206,2,bumpy
169.05359594726562,170.05359594726562,0.7293575531296206,2,bumpy
170.05359594726562,171.05359594726562,0.7293575531296206,2,bumpy
171.05359594726562,172.05359594726562,0.7770855895926143,2,bumpy
172.05359594726562,173.05359594726562,0.7770855895926143,2,bumpy
173.05359594726562,174.05359594726562,0.9768159768926081,2,bumpy
174.05359594726562,175.05359594726562,0.9768159768926081,2,bumpy
175.05359594726562,176.05359594726562,0.9768159768926081,2,bumpy
176.05359594726562,177.05359594726562,0.48915827184034166,2,smooth
177.05359594726562,178.05359594726562,0.48915827184034166,2,smooth
178.05359594726562,179.05359594726562,0.05916684601293987,2,smooth
179.05359594726562,180.05359594726562,0.05916684601293987,2,smooth
180.05359594726562,181.05359594726562,0.05916684601293987,2,smooth
181.05359594726562,182.05359594726562,0.5591666355092018,2,bumpy
182.05359594726562,183.05359594726562,0.5591666355092018,2,bumpy
183.05359594726562,184.05359594726562,0.9999997210191697,2,bumpy
184.05359594726562,185.05359594726562,0.9999997210191697,2,bumpy
185.05359594726562,186.05359594726562,0.9999997210191697,2,bumpy
186.05359594726562,187.05359594726562,0.9998731398000951,2,bumpy
187.05359594726562,188.05359594726562,0.9998731398000951,2,bumpy
188.05359594726562,189.05359594726562,0.9998720425725109,2,bumpy
189.05359594726562,190.05359594726562,0.9998720425725109,2,bumpy
190.05359594726562,191.05359594726562,0.9998720425725109,2,bumpy
191.05359594726562,192.05359594726562,0.9999985740489044,2,bumpy
192.05359594726562,193.05359594726562,0.9999985740489044,2,bumpy
193.05359594726562,194.05359594726562,0.999999225666913,2,bumpy
194.05359594726562,195.05359594726562,0.999999225666913,2,bumpy
195.05359594726562,196.05359594726562,0.999999225666913,2,bumpy
196.05359594726562,197.05359594726562,0.999994791149794,2,bumpy
197.05359594726562,198.05359594726562,0.999994791149794,2,bumpy
198.05359594726562,199.05359594726562,0.999994791149794,2,bumpy
199.05359594726562,200.05359594726562,0.9999895747248021,2,bumpy
200.05359594726562,201.05359594726562,0.9999895747248021,2,bumpy
201.05359594726562,202.05359594726562,0.9999876081045816,2,bumpy
202.05359594726562,203.05359594726562,0.9999876081045816,2,bumpy
203.05359594726562,204.05359594726562,0.9999876081045816,2,bumpy
204.05359594726562,205.05359594726562,0.9997642814569646,2,bumpy
205.05359594726562,206.05359594726562,0.9997642814569646,2,bumpy
206.05359594726562,207.05359594726562,0.99962684020793,2,bumpy
207.05359594726562,208.05359594726562,0.99962684020793,2,bumpy
208.05359594726562,209.05359594726562,0.99962684020793,2,bumpy
209.05359594726562,210.05359594726562,0.9998553728620099,2,bumpy
210.05359594726562,211.05359594726562,0.9998553728620099,2,bumpy
211.05359594726562,212.05359594726562,0.9999993570071692,2,bumpy
212.05359594726562,213.05359594726562,0.9999993570071692,2,bumpy
213.05359594726562,214.05359594726562,0.9999993570071692,2,bumpy
214.05359594726562,215.05359594726562,0.9999988154594037,2,bumpy
215.05359594726562,216.05359594726562,0.9999988154594037,2,bumpy
216.05359594726562,217.05359594726562,0.9999894371497886,2,bumpy
217.05359594726562,218.05359594726562,0.9999894371497886,2,bumpy
218.05359594726562,219.05359594726562,0.9999894371497886,2,bumpy
219.05359594726562,220.05359594726562,0.9999633067525465,2,bumpy
220.05359594726562,221.05359594726562,0.9999633067525465,2,bumpy
221.05359594726562,222.05359594726562,0.9999446594292373,2,bumpy
222.05359594726562,223.05359594726562,0.9999446594292373,2,bumpy
223.05359594726562,224.05359594726562,0.9999446594292373,2,bumpy
224.05359594726562,225.05359594726562,0.9998831779018726,2,bumpy
225.05359594726562,226.05359594726562,0.9998831779018726,2,bumpy
226.05359594726562,227.05359594726562,0.999871452362215,2,bumpy
227.05359594726562,228.05359594726562,0.999871452362215,2,bumpy
228.05359594726562,229.05359594726562,0.999871452362215,2,bumpy
229.05359594726562,230.05359594726562,0.9999582895931193,2,bumpy
230.05359594726562,231.05359594726562,0.9999582895931193,2,bumpy
231.05359594726562,232.05359594726562,0.9999957803869554,2,bumpy
232.05359594726562,233.05359594726562,0.9999957803869554,2,bumpy
233.05359594726562,234.05359594726562,0.9999957803869554,2,bumpy
234.05359594726562,235.05359594726562,0.9998856097149569,2,bumpy
235.05359594726562,236.05359594726562,0.9998856097149569,2,bumpy
236.05359594726562,237.05359594726562,0.9998490360934436,2,bumpy
237.05359594726562,238.05359594726562,0.9998490360934436,2,bumpy
238.05359594726562,239.05359594726562,0.9998490360934436,2,bumpy
239.05359594726562,240.05359594726562,0.9999559636836148,2,bumpy
240.05359594726562,241.05359594726562,0.9999559636836148,2,bumpy
241.05359594726562,242.05359594726562,0.9999946146131615,2,bumpy
242.05359594726562,243.05359594726562,0.9999946146131615,2,bumpy
243.05359594726562,244.05359594726562,0.9999946146131615,2,bumpy
244.05359594726562,245.05359594726562,0.9999982938130176,2,bumpy
245.05359594726562,246.05359594726562,0.9999982938130176,2,bumpy
246.05359594726562,247.05359594726562,0.9999985953696784,2,bumpy
247.05359594726562,248.05359594726562,0.9999985953696784,2,bumpy
248.05359594726562,249.05359594726562,0.9999985953696784,2,bumpy
249.05359594726562,250.05359594726562,0.9999999999968456,2,bumpy
250.05359594726562,251.05359594726562,0.9999999999968456,2,bumpy
251.05359594726562,252.05359594726562,0.9999957451329908,2,bumpy
252.05359594726562,253.05359594726562,0.9999957451329908,2,bumpy
253.05359594726562,254.05359594726562,0.9999957451329908,2,bumpy
254.05359594726562,255.05359594726562,0.9999450044885615,2,bumpy
255.05359594726562,256.05359594726565,0.9999450044885615,2,bumpy
256.05359594726565,257.05359594726565,0.9998819759178689,2,bumpy
257.05359594726565,258.05359594726565,0.9998819759178689,2,bumpy
258.05359594726565,259.05359594726565,0.9998819759178689,2,bumpy
259.05359594726565,260.05359594726565,0.9704810402678312,2,bumpy
260.05359594726565,261.05359594726565,0.9704810402678312,2,bumpy
261.05359594726565,262.05359594726565,0.9611859462687429,2,bumpy
262.05359594726565,263.05359594726565,0.9611859462687429,2,bumpy
263.05359594726565,264.05359594726565,0.9611859462687429,2,bumpy
264.05359594726565,265.05359594726565,0.990054389259923,2,bumpy
265.05359594726565,266.05359594726565,0.990054389259923,2,bumpy
266.05359594726565,267.05359594726565,0.9985591572108266,2,bumpy
267.05359594726565,268.05359594726565,0.9985591572108266,2,bumpy
268.05359594726565,269.05359594726565,0.9985591572108266,2,bumpy
269.05359594726565,270.05359594726565,0.9855157797013481,2,bumpy
270.05359594726565,271.05359594726565,0.9855157797013481,2,bumpy
271.05359594726565,272.05359594726565,0.9850519304800109,2,bumpy
272.05359594726565,273.05359594726565,0.9850519304800109,2,bumpy
273.05359594726565,274.05359594726565,0.9850519304800109,2,bumpy
274.05359594726565,275.05359594726565,0.9986469136401137,2,bumpy
275.05359594726565,276.05359594726565,0.9986469136401137,2,bumpy
276.05359594726565,277.05359594726565,0.9973574218095876,2,bumpy
277.05359594726565,278.05359594726565,0.9973574218095876,2,bumpy
278.05359594726565,279.05359594726565,0.9973574218095876,2,bumpy
279.05359594726565,280.05359594726565,0.9952218431952016,2,bumpy
280.05359594726565,281.05359594726565,0.9952218431952016,2,bumpy
281.05359594726565,282.05359594726565,0.9976501816322911,2,bumpy
282.05359594726565,283.05359594726565,0.9976501816322911,2,bumpy
283.05359594726565,284.05359594726565,0.9976501816322911,2,bumpy
284.05359594726565,285.05359594726565,0.9989874386928876,2,bumpy
285.05359594726565,286.05359594726565,0.9989874386928876,2,bumpy
286.05359594726565,287.05359594726565,0.9990424678956982,2,bumpy
287.05359594726565,288.05359594726565,0.9990424678956982,2,bumpy
288.05359594726565,289.05359594726565,0.9990424678956982,2,bumpy
289.05359594726565,290.05359594726565,0.9896530776006889,2,bumpy
290.05359594726565,291.05359594726565,0.9896530776006889,2,bumpy
291.05359594726565,292.05359594726565,0.9881813250362521,2,bumpy
292.05359594726565,293.05359594726565,0.9881813250362521,2,bumpy
293.05359594726565,294.05359594726565,0.9881813250362521,2,bumpy
294.05359594726565,295.05359594726565,0.9983012969818954,2,bumpy
295.05359594726565,296.05359594726565,0.9983012969818954,2,bumpy
296.05359594726565,297.05359594726565,0.9983012969818954,2,bumpy
297.05359594726565,298.05359594726565,0.9997976640360504,2,bumpy
298.05359594726565,299.05359594726565,0.9997976640360504,2,bumpy
299.05359594726565,300.05359594726565,0.9990042257164745,2,bumpy
300.05359594726565,301.05359594726565,0.9990042257164745,2,bumpy
301.05359594726565,302.05359594726565,0.9990042257164745,2,bumpy
302.05359594726565,303.05359594726565,0.9982009960949147,2,bumpy
303.05359594726565,304.05359594726565,0.9982009960949147,2,bumpy
304.05359594726565,305.05359594726565,0.9970960987422202,2,bumpy
305.05359594726565,306.05359594726565,0.9970960987422202,2,bumpy
306.05359594726565,307.05359594726565,0.9970960987422202,2,bumpy
307.05359594726565,308.05359594726565,0.9979954926949248,2,bumpy
308.05359594726565,309.05359594726565,0.9979954926949248,2,bumpy
309.05359594726565,310.05359594726565,0.9999809048796962,2,bumpy
310.05359594726565,311.05359594726565,0.9999809048796962,2,bumpy
311.05359594726565,312.05359594726565,0.9999809048796962,2,bumpy
312.05359594726565,313.05359594726565,0.99996127350133,2,bumpy
313.05359594726565,314.05359594726565,0.99996127350133,2,bumpy
314.05359594726565,315.05359594726565,0.9999372671240554,2,bumpy
315.05359594726565,316.05359594726565,0.9999372671240554,2,bumpy
316.05359594726565,317.05359594726565,0.9999372671240554,2,bumpy
317.05359594726565,318.05359594726565,0.9999625037673643,2,bumpy
318.05359594726565,319.05359594726565,0.9999625037673643,2,bumpy
319.05359594726565,320.05359594726565,0.9999988002265061,2,bumpy
320.05359594726565,321.05359594726565,0.9999988002265061,2,bumpy
321.05359594726565,322.05359594726565,0.9999988002265061,2,bumpy
322.05359594726565,323.05359594726565,0.9999999622188729,2,bumpy
323.05359594726565,324.05359594726565,0.9999999622188729,2,bumpy
324.05359594726565,325.05359594726565,0.9999994614774474,2,bumpy
325.05359594726565,326.05359594726565,0.9999994614774474,2,bumpy
326.05359594726565,327.05359594726565,0.9999994614774474,2,bumpy
327.05359594726565,328.05359594726565,0.9999400621877544,2,bumpy
328.05359594726565,329.05359594726565,0.9999400621877544,2,bumpy
329.05359594726565,330.05359594726565,0.9994727598936863,2,bumpy
330.05359594726565,331.05359594726565,0.9994727598936863,2,bumpy
331.05359594726565,332.05359594726565,0.9994727598936863,2,bumpy
332.05359594726565,333.05359594726565,0.9994992998017544,2,bumpy
333.05359594726565,334.05359594726565,0.9994992998017544,2,bumpy
334.05359594726565,335.05359594726565,0.9996504747266346,2,bumpy
335.05359594726565,336.05359594726565,0.9996504747266346,2,bumpy
336.05359594726565,337.05359594726565,0.9996504747266346,2,bumpy
337.05359594726565,338.05359594726565,0.9955591045449083,2,bumpy
338.05359594726565,339.05359594726565,0.9955591045449083,2,bumpy
339.05359594726565,340.05359594726565,0.9941105128976995,2,bumpy
340.05359594726565,341.05359594726565,0.9941105128976995,2,bumpy
341.05359594726565,342.05359594726565,0.9941105128976995,2,bumpy
342.05359594726565,343.05359594726565,0.9972471448489949,2,bumpy
343.05359594726565,344.05359594726565,0.9972471448489949,2,bumpy
344.05359594726565,345.05359594726565,0.9990111647805245,2,bumpy
345.05359594726565,346.05359594726565,0.9990111647805245,2,bumpy
346.05359594726565,347.05359594726565,0.9990111647805245,2,bumpy
347.05359594726565,348.05359594726565,0.9999839293706413,2,bumpy
348.05359594726565,349.05359594726565,0.9999839293706413,2,bumpy
349.05359594726565,350.05359594726565,0.9999327484688476,2,bumpy
350.05359594726565,351.05359594726565,0.9999327484688476,2,bumpy
351.05359594726565,352.05359594726565,0.9999327484688476,2,bumpy
352.05359594726565,353.05359594726565,0.9999299337100863,2,bumpy
353.05359594726565,354.05359594726565,0.9999299337100863,2,bumpy
354.05359594726565,355.05359594726565,0.9993906660823364,2,bumpy
355.05359594726565,356.05359594726565,0.9993906660823364,2,bumpy
356.05359594726565,357.05359594726565,0.9993906660823364,2,bumpy
357.05359594726565,358.05359594726565,0.99930242015204,2,bumpy
358.05359594726565,359.05359594726565,0.99930242015204,2,bumpy
359.05359594726565,360.05359594726565,0.9998915596562467,2,bumpy
360.05359594726565,361.05359594726565,0.9998915596562467,2,bumpy
361.05359594726565,362.05359594726565,0.9998915596562467,2,bumpy
362.05359594726565,363.05359594726565,0.9999333789199574,2,bumpy
363.05359594726565,364.05359594726565,0.9999333789199574,2,bumpy
364.05359594726565,365.05359594726565,0.999935790767847,2,bumpy
365.05359594726565,366.05359594726565,0.999935790767847,2,bumpy
366.05359594726565,367.05359594726565,0.999935790767847,2,bumpy
367.05359594726565,368.05359594726565,0.9999998933980989,2,bumpy
368.05359594726565,369.05359594726565,0.9999998933980989,2,bumpy
369.05359594726565,370.05359594726565,0.9999654798318354,2,bumpy
370.05359594726565,371.05359594726565,0.9999654798318354,2,bumpy
371.05359594726565,372.05359594726565,0.9999654798318354,2,bumpy
372.05359594726565,373.05359594726565,0.9999418327762081,2,bumpy
373.05359594726565,374.05359594726565,0.9999418327762081,2,bumpy
374.05359594726565,375.05359594726565,0.9999045979459456,2,bumpy
375.05359594726565,376.05359594726565,0.9999045979459456,2,bumpy
376.05359594726565,377.05359594726565,0.9999045979459456,2,bumpy
377.05359594726565,378.05359594726565,0.9975291577694237,2,bumpy
378.05359594726565,379.05359594726565,0.9975291577694237,2,bumpy
379.05359594726565,380.05359594726565,0.9975078853031636,2,bumpy
380.05359594726565,381.05359594726565,0.9975078853031636,2,bumpy
381.05359594726565,382.05359594726565,0.9975078853031636,2,bumpy
382.05359594726565,383.05359594726565,0.9998174605487744,2,bumpy
383.05359594726565,384.05359594726565,0.9998174605487744,2,bumpy
384.05359594726565,385.05359594726565,0.9959078374289152,2,bumpy
385.05359594726565,386.05359594726565,0.9959078374289152,2,bumpy
386.05359594726565,387.05359594726565,0.9959078374289152,2,bumpy
387.05359594726565,388.05359594726565,0.9952482516214105,2,bumpy
388.05359594726565,389.05359594726565,0.9952482516214105,2,bumpy
389.05359594726565,390.05359594726565,0.9992402229585122,2,bumpy
390.05359594726565,391.05359594726565,0.9992402229585122,2,bumpy
391.05359594726565,392.05359594726565,0.9992402229585122,2,bumpy
392.05359594726565,393.05359594726565,0.9999892991294282,2,bumpy
393.05359594726565,394.05359594726565,0.9999892991294282,2,bumpy
394.05359594726565,395.05359594726565,0.9999892991294282,2,bumpy
395.05359594726565,396.05359594726565,0.9999999696367985,2,bumpy
396.05359594726565,397.05359594726565,0.9999999696367985,2,bumpy
397.05359594726565,398.05359594726565,0.9999999899529652,2,bumpy
398.05359594726565,399.05359594726565,0.9999999899529652,2,bumpy
399.05359594726565,400.05359594726565,0.9999999899529652,2,bumpy
400.05359594726565,401.05359594726565,0.9999985582333131,2,bumpy
401.05359594726565,402.05359594726565,0.9999985582333131,2,bumpy
402.05359594726565,403.05359594726565,0.9999955519994813,2,bumpy
403.05359594726565,404.05359594726565,0.9999955519994813,2,bumpy
404.05359594726565,405.05359594726565,0.9999955519994813,2,bumpy
405.05359594726565,406.05359594726565,0.9999895775510724,2,bumpy
406.05359594726565,407.05359594726565,0.9999895775510724,2,bumpy
407.05359594726565,408.05359594726565,0.9999783724861804,2,bumpy
408.05359594726565,409.05359594726565,0.9999783724861804,2,bumpy
409.05359594726565,410.05359594726565,0.9999783724861804,2,bumpy
410.05359594726565,411.05359594726565,0.999978793275338,2,bumpy
411.05359594726565,412.05359594726565,0.999978793275338,2,bumpy
412.05359594726565,413.05359594726565,0.9999444463108804,2,bumpy
413.05359594726565,414.05359594726565,0.9999444463108804,2,bumpy
414.05359594726565,415.05359594726565,0.9999444463108804,2,bumpy
415.05359594726565,416.05359594726565,0.9999451920400645,2,bumpy
416.05359594726565,417.05359594726565,0.9999451920400645,2,bumpy
417.05359594726565,418.05359594726565,0.999991205999124,2,bumpy
418.05359594726565,419.05359594726565,0.999991205999124,2,bumpy
419.05359594726565,420.05359594726565,0.999991205999124,2,bumpy
420.05359594726565,421.05359594726565,0.9999254287836352,2,bumpy
421.05359594726565,422.05359594726565,0.9999254287836352,2,bumpy
422.05359594726565,423.05359594726565,0.9999256962078791,2,bumpy
423.05359594726565,424.05359594726565,0.9999256962078791,2,bumpy
424.05359594726565,425.05359594726565,0.9999256962078791,2,bumpy
425.05359594726565,426.05359594726565,0.9999972298670938,2,bumpy
426.05359594726565,427.05359594726565,0.9999972298670938,2,bumpy
427.05359594726565,428.05359594726565,0.9999754250723532,2,bumpy
428.05359594726565,429.05359594726565,0.9999754250723532,2,bumpy
429.05359594726565,430.05359594726565,0.9999754250723532,2,bumpy
430.05359594726565,431.05359594726565,0.9999759082640811,2,bumpy
431.05359594726565,432.05359594726565,0.9999759082640811,2,bumpy
432.05359594726565,433.05359594726565,0.9999999998761624,2,bumpy
433.05359594726565,434.05359594726565,0.9999999998761624,2,bumpy
434.05359594726565,435.05359594726565,0.9999999998761624,2,bumpy
435.05359594726565,436.05359594726565,0.9999999999949478,2,bumpy
436.05359594726565,437.05359594726565,0.9999999999949478,2,bumpy
437.05359594726565,438.05359594726565,0.9999999999995687,2,bumpy
438.05359594726565,439.05359594726565,0.9999999999995687,2,bumpy
439.05359594726565,440.05359594726565,0.9999999999995687,2,bumpy
440.05359594726565,441.05359594726565,0.999999999997148,2,bumpy
441.05359594726565,442.05359594726565,0.999999999997148,2,bumpy
442.05359594726565,443.05359594726565,0.9999999999934057,2,bumpy
443.05359594726565,444.05359594726565,0.9999999999934057,2,bumpy
444.05359594726565,445.05359594726565,0.9999999999934057,2,bumpy
445.05359594726565,446.05359594726565,0.9999999998868596,2,bumpy
446.05359594726565,447.05359594726565,0.9999999998868596,2,bumpy
447.05359594726565,448.05359594726565,0.9999999998892112,2,bumpy
448.05359594726565,449.05359594726565,0.9999999998892112,2,bumpy
449.05359594726565,450.05359594726565,0.9999999998892112,2,bumpy
450.05359594726565,451.05359594726565,0.9999999589688674,2,bumpy
451.05359594726565,452.05359594726565,0.9999999589688674,2,bumpy
452.05359594726565,453.05359594726565,0.999992980926558,2,bumpy
453.05359594726565,454.05359594726565,0.999992980926558,2,bumpy
454.05359594726565,455.05359594726565,0.999992980926558,2,bumpy
455.05359594726565,456.05359594726565,0.999990117082694,2,bumpy
456.05359594726565,457.05359594726565,0.999990117082694,2,bumpy
457.05359594726565,458.05359594726565,0.9999970897716011,2,bumpy
458.05359594726565,459.05359594726565,0.9999970897716011,2,bumpy
459.05359594726565,460.05359594726565,0.9999970897716011,2,bumpy
460.05359594726565,461.05359594726565,0.9999983686637073,2,bumpy
461.05359594726565,462.05359594726565,0.9999983686637073,2,bumpy
462.05359594726565,463.05359594726565,0.9999948421031257,2,bumpy
463.05359594726565,464.05359594726565,0.9999948421031257,2,bumpy
464.05359594726565,465.05359594726565,0.9999948421031257,2,bumpy
465.05359594726565,466.05359594726565,0.9999473563287019,2,bumpy
466.05359594726565,467.05359594726565,0.9999473563287019,2,bumpy
467.05359594726565,468.05359594726565,0.9998218106378869,2,bumpy
468.05359594726565,469.05359594726565,0.9998218106378869,2,bumpy
469.05359594726565,470.05359594726565,0.9998218106378869,2,bumpy
470.05359594726565,471.05359594726565,0.9998531183233955,2,bumpy
471.05359594726565,472.05359594726565,0.9998531183233955,2,bumpy
472.05359594726565,473.05359594726565,0.9999118558904012,2,bumpy
473.05359594726565,474.05359594726565,0.9999118558904012,2,bumpy
474.05359594726565,475.05359594726565,0.9999118558904012,2,bumpy
475.05359594726565,476.05359594726565,0.9999029206209105,2,bumpy
476.05359594726565,477.05359594726565,0.9999029206209105,2,bumpy
477.05359594726565,478.05359594726565,0.9999730321977837,2,bumpy
478.05359594726565,479.05359594726565,0.9999730321977837,2,bumpy
479.05359594726565,480.05359594726565,0.9999730321977837,2,bumpy
480.05359594726565,481.05359594726565,0.9999994280081957,2,bumpy
481.05359594726565,482.05359594726565,0.9999994280081957,2,bumpy
482.05359594726565,483.05359594726565,0.9998053919831489,2,bumpy
483.05359594726565,484.05359594726565,0.9998053919831489,2,bumpy
484.05359594726565,485.05359594726565,0.9998053919831489,2,bumpy
485.05359594726565,486.05359594726565,0.9277705410027154,2,bumpy
486.05359594726565,487.05359594726565,0.9277705410027154,2,bumpy
487.05359594726565,488.05359594726565,0.9271999027087647,2,bumpy
488.05359594726565,489.05359594726565,0.9271999027087647,2,bumpy
489.05359594726565,490.05359594726565,0.9271999027087647,2,bumpy
490.05359594726565,491.05359594726565,0.9992349143548542,2,bumpy
491.05359594726565,492.05359594726565,0.9992349143548542,2,bumpy
492.05359594726565,493.05359594726565,0.9992349143548542,2,bumpy
493.05359594726565,494.05359594726565,0.9999997850713116,2,bumpy
494.05359594726565,495.05359594726565,0.9999997850713116,2,bumpy
495.05359594726565,496.05359594726565,0.999999967111382,2,bumpy
496.05359594726565,497.05359594726565,0.999999967111382,2,bumpy
497.05359594726565,498.05359594726565,0.999999967111382,2,bumpy
498.05359594726565,499.05359594726565,0.9999999777522617,2,bumpy
499.05359594726565,500.05359594726565,0.9999999777522617,2,bumpy
500.05359594726565,501.05359594726565,0.9999957133272434,2,bumpy
501.05359594726565,502.05359594726565,0.9999957133272434,2,bumpy
502.05359594726565,503.05359594726565,0.9999957133272434,2,bumpy
503.05359594726565,504.05359594726565,0.9999007288724511,2,bumpy
504.05359594726565,505.05359594726565,0.9999007288724511,2,bumpy
505.05359594726565,506.05359594726565,0.9952360232591979,2,bumpy
506.05359594726565,507.05359594726565,0.9952360232591979,2,bumpy
507.05359594726565,508.05359594726565,0.9952360232591979,2,bumpy
508.05359594726565,509.05359594726565,0.9949001888935571,2,bumpy
509.05359594726565,510.05359594726565,0.9949001888935571,2,bumpy
510.05359594726565,511.05359594726565,0.9981630052841941,2,bumpy
511.05359594726565,512.0535959472656,0.9981630052841941,2,bumpy
512.0535959472656,513.0535959472656,0.9981630052841941,2,bumpy
513.0535959472656,514.0535959472656,0.996880387667274,2,bumpy
514.0535959472656,515.0535959472656,0.996880387667274,2,bumpy
515.0535959472656,516.0535959472656,0.9905149460749689,2,bumpy
516.0535959472656,517.0535959472656,0.9905149460749689,2,bumpy
517.0535959472656,518.0535959472656,0.9905149460749689,2,bumpy
518.0535959472656,519.0535959472656,0.9765558793565184,2,bumpy
519.0535959472656,520.0535959472656,0.9765558793565184,2,bumpy
520.0535959472656,521.0535959472656,0.9832083855222538,2,bumpy
521.0535959472656,522.0535959472656,0.9832083855222538,2,bumpy
522.0535959472656,523.0535959472656,0.9832083855222538,2,bumpy
523.0535959472656,524.0535959472656,0.9987220754796557,2,bumpy
524.0535959472656,525.0535959472656,0.9987220754796557,2,bumpy
525.0535959472656,526.0535959472656,0.9998406320865796,2,bumpy
526.0535959472656,527.0535959472656,0.9998406320865796,2,bumpy
527.0535959472656,528.0535959472656,0.9998406320865796,2,bumpy
528.0535959472656,529.0535959472656,0.999999394519708,2,bumpy
529.0535959472656,530.0535959472656,0.999999394519708,2,bumpy
530.0535959472656,531.0535959472656,0.9985724931437943,2,bumpy
531.0535959472656,532.0535959472656,0.9985724931437943,2,bumpy
532.0535959472656,533.0535959472656,0.9985724931437943,2,bumpy
533.0535959472656,534.0535959472656,0.9447232419960068,2,bumpy
534.0535959472656,535.0535959472656,0.9447232419960068,2,bumpy
535.0535959472656,536.0535959472656,0.9461260074080668,2,bumpy
536.0535959472656,537.0535959472656,0.9461260074080668,2,bumpy
537.0535959472656,538.0535959472656,0.9461260074080668,2,bumpy
538.0535959472656,539.0535959472656,0.9999751137589996,2,bumpy
539.0535959472656,540.0535959472656,0.9999751137589996,2,bumpy
540.0535959472656,541.0535959472656,0.9999964130287526,2,bumpy
541.0535959472656,542.0535959472656,0.9999964130287526,2,bumpy
542.0535959472656,543.0535959472656,0.9999964130287526,2,bumpy
543.0535959472656,544.0535959472656,0.9999498402237099,2,bumpy
544.0535959472656,545.0535959472656,0.9999498402237099,2,bumpy
545.0535959472656,546.0535959472656,0.9990842669637345,2,bumpy
546.0535959472656,547.0535959472656,0.9990842669637345,2,bumpy
547.0535959472656,548.0535959472656,0.9990842669637345,2,bumpy
548.0535959472656,549.0535959472656,0.9989745038362041,2,bumpy
549.0535959472656,550.0535959472656,0.9989745038362041,2,bumpy
550.0535959472656,551.0535959472656,0.9998355656949756,2,bumpy
551.0535959472656,552.0535959472656,0.9998355656949756,2,bumpy
552.0535959472656,553.0535959472656,0.9998355656949756,2,bumpy
553.0535959472656,554.0535959472656,0.999988738410666,2,bumpy
554.0535959472656,555.0535959472656,0.999988738410666,2,bumpy
555.0535959472656,556.0535959472656,0.9999958248149239,2,bumpy
556.0535959472656,557.0535959472656,0.9999958248149239,2,bumpy
557.0535959472656,558.0535959472656,0.9999958248149239,2,bumpy
558.0535959472656,559.0535959472656,0.9989744831373661,2,bumpy
559.0535959472656,560.0535959472656,0.9989744831373661,2,bumpy
560.0535959472656,561.0535959472656,0.9863764273020271,2,bumpy
561.0535959472656,562.0535959472656,0.9863764273020271,2,bumpy
562.0535959472656,563.0535959472656,0.9863764273020271,2,bumpy
563.0535959472656,564.0535959472656,0.9873381214892463,2,bumpy
564.0535959472656,565.0535959472656,0.9873381214892463,2,bumpy
565.0535959472656,566.0535959472656,0.9999201747910184,2,bumpy
566.0535959472656,567.0535959472656,0.9999201747910184,2,bumpy
567.0535959472656,568.0535959472656,0.9999201747910184,2,bumpy
568.0535959472656,569.0535959472656,0.9851646455058407,2,bumpy
569.0535959472656,570.0535959472656,0.9851646455058407,2,bumpy
570.0535959472656,571.0535959472656,0.9615615412999168,2,bumpy
571.0535959472656,572.0535959472656,0.9615615412999168,2,bumpy
572.0535959472656,573.0535959472656,0.9615615412999168,2,bumpy
573.0535959472656,574.0535959472656,0.9763792699870868,2,bumpy
574.0535959472656,575.0535959472656,0.9763792699870868,2,bumpy
575.0535959472656,576.0535959472656,0.9999978322850427,2,bumpy
576.0535959472656,577.0535959472656,0.9999978322850427,2,bumpy
577.0535959472656,578.0535959472656,0.9999978322850427,2,bumpy
578.0535959472656,579.0535959472656,0.9999984316662509,2,bumpy
579.0535959472656,580.0535959472656,0.9999984316662509,2,bumpy
580.0535959472656,581.0535959472656,0.999999243575428,2,bumpy
581.0535959472656,582.0535959472656,0.999999243575428,2,bumpy
582.0535959472656,583.0535959472656,0.999999243575428,2,bumpy
583.0535959472656,584.0535959472656,0.9999989832198652,2,bumpy
584.0535959472656,585.0535959472656,0.9999989832198652,2,bumpy
585.0535959472656,586.0535959472656,0.9999830146482296,2,bumpy
586.0535959472656,587.0535959472656,0.9999830146482296,2,bumpy
587.0535959472656,588.0535959472656,0.9999830146482296,2,bumpy
588.0535959472656,589.0535959472656,0.9998437993977546,2,bumpy
589.0535959472656,590.0535959472656,0.9998437993977546,2,bumpy
590.0535959472656,591.0535959472656,0.9997205909676706,1,bumpy
591.0535959472656,592.0535959472656,0.9997912706083714,2,bumpy
592.0535959472656,593.0535959472656,0.9997912706083714,2,bumpy
593.0535959472656,594.0535959472656,0.9999218677424773,2,bumpy
594.0535959472656,595.0535959472656,0.9999218677424773,2,bumpy
595.0535959472656,596.0535959472656,0.9999218677424773,2,bumpy
596.0535959472656,597.0535959472656,0.999988547965177,2,bumpy
597.0535959472656,598.0535959472656,0.999988547965177,2,bumpy
598.0535959472656,599.0535959472656,0.999973329018506,2,bumpy
599.0535959472656,600.0535959472656,0.999973329018506,2,bumpy
600.0535959472656,601.0535959472656,0.999973329018506,2,bumpy
601.0535959472656,602.0535959472656,0.9999731852764875,2,bumpy
602.0535959472656,603.0535959472656,0.9999731852764875,2,bumpy
603.0535959472656,604.0535959472656,0.9999973053086799,2,bumpy
604.0535959472656,605.0535959472656,0.9999973053086799,2,bumpy
605.0535959472656,606.0535959472656,0.9999973053086799,2,bumpy
606.0535959472656,607.0535959472656,0.9999960456148279,2,bumpy
607.0535959472656,608.0535959472656,0.9999960456148279,2,bumpy
608.0535959472656,609.0535959472656,0.9999920332766339,2,bumpy
609.0535959472656,610.0535959472656,0.9999920332766339,2,bumpy
610.0535959472656,611.0535959472656,0.9999920332766339,2,bumpy
611.0535959472656,612.0535959472656,0.9999713213705737,2,bumpy
612.0535959472656,613.0535959472656,0.9999713213705737,2,bumpy
613.0535959472656,614.0535959472656,0.9999745559490991,2,bumpy
614.0535959472656,615.0535959472656,0.9999745559490991,2,bumpy
615.0535959472656,616.0535959472656,0.9999745559490991,2,bumpy
616.0535959472656,617.0535959472656,0.9999989769107189,2,bumpy
617.0535959472656,618.0535959472656,0.9999989769107189,2,bumpy
618.0535959472656,619.0535959472656,0.9999746101423959,2,bumpy
619.0535959472656,620.0535959472656,0.9999746101423959,2,bumpy
620.0535959472656,621.0535959472656,0.9999746101423959,2,bumpy
621.0535959472656,622.0535959472656,0.9999110592775164,2,bumpy
622.0535959472656,623.0535959472656,0.9999110592775164,2,bumpy
623.0535959472656,624.0535959472656,0.9999333666925374,2,bumpy
624.0535959472656,625.0535959472656,0.9999333666925374,2,bumpy
625.0535959472656,626.0535959472656,0.9999333666925374,2,bumpy
626.0535959472656,627.0535959472656,0.9999942781973736,2,bumpy
627.0535959472656,628.0535959472656,0.9999942781973736,2,bumpy
628.0535959472656,629.0535959472656,0.9999914158185637,2,bumpy
629.0535959472656,630.0535959472656,0.9999914158185637,2,bumpy
630.0535959472656,631.0535959472656,0.9999914158185637,2,bumpy
631.0535959472656,632.0535959472656,0.9999781595954836,2,bumpy
632.0535959472656,633.0535959472656,0.9999781595954836,2,bumpy
633.0535959472656,634.0535959472656,0.9999838993995316,2,bumpy
634.0535959472656,635.0535959472656,0.9999838993995316,2,bumpy
635.0535959472656,636.0535959472656,0.9999838993995316,2,bumpy
636.0535959472656,637.0535959472656,0.9999997962670142,2,bumpy
637.0535959472656,638.0535959472656,0.9999997962670142,2,bumpy
638.0535959472656,639.0535959472656,0.9999998460411343,2,bumpy
639.0535959472656,640.0535959472656,0.9999998460411343,2,bumpy
640.0535959472656,641.0535959472656,0.9999998460411343,2,bumpy
641.0535959472656,642.0535959472656,0.9999998753900541,2,bumpy
642.0535959472656,643.0535959472656,0.9999998753900541,2,bumpy
643.0535959472656,644.0535959472656,0.9999999356002806,2,bumpy
644.0535959472656,645.0535959472656,0.9999999356002806,2,bumpy
645.0535959472656,646.0535959472656,0.9999999356002806,2,bumpy
646.0535959472656,647.0535959472656,0.9999892123363314,2,bumpy
647.0535959472656,648.0535959472656,0.9999892123363314,2,bumpy
648.0535959472656,649.0535959472656,0.9998322824549664,2,bumpy
649.0535959472656,650.0535959472656,0.9998322824549664,2,bumpy
650.0535959472656,651.0535959472656,0.9998322824549664,2,bumpy
651.0535959472656,652.0535959472656,0.9998430009267827,2,bumpy
652.0535959472656,653.0535959472656,0.9998430009267827,2,bumpy
653.0535959472656,654.0535959472656,0.9999998347774878,2,bumpy
654.0535959472656,655.0535959472656,0.9999998347774878,2,bumpy
655.0535959472656,656.0535959472656,0.9999998347774878,2,bumpy
656.0535959472656,657.0535959472656,0.9999998404357884,2,bumpy
657.0535959472656,658.0535959472656,0.9999998404357884,2,bumpy
658.0535959472656,659.0535959472656,0.9999999666218315,2,bumpy
659.0535959472656,660.0535959472656,0.9999999666218315,2,bumpy
660.0535959472656,661.0535959472656,0.9999999666218315,2,bumpy
661.0535959472656,662.0535959472656,0.9999985992810785,2,bumpy
662.0535959472656,663.0535959472656,0.9999985992810785,2,bumpy
663.0535959472656,664.0535959472656,0.9999985443887569,2,bumpy
664.0535959472656,665.0535959472656,0.9999985443887569,2,bumpy
665.0535959472656,666.0535959472656,0.9999985443887569,2,bumpy
666.0535959472656,667.0535959472656,0.9999945676061543,2,bumpy
667.0535959472656,668.0535959472656,0.9999945676061543,2,bumpy
668.0535959472656,669.0535959472656,0.9999858116225617,2,bumpy
669.0535959472656,670.0535959472656,0.9999858116225617,2,bumpy
670.0535959472656,671.0535959472656,0.9999858116225617,2,bumpy
671.0535959472656,672.0535959472656,0.999988195484915,2,bumpy
672.0535959472656,673.0535959472656,0.999988195484915,2,bumpy
673.0535959472656,674.0535959472656,0.9999053465207794,2,bumpy
674.0535959472656,675.0535959472656,0.9999053465207794,2,bumpy
675.0535959472656,676.0535959472656,0.9999053465207794,2,bumpy
676.0535959472656,677.0535959472656,0.9999082689318044,2,bumpy
677.0535959472656,678.0535959472656,0.9999082689318044,2,bumpy
678.0535959472656,679.0535959472656,0.9999999262583594,2,bumpy
679.0535959472656,680.0535959472656,0.9999999262583594,2,bumpy
680.0535959472656,681.0535959472656,0.9999999262583594,2,bumpy
681.0535959472656,682.0535959472656,0.9999979449548957,2,bumpy
682.0535959472656,683.0535959472656,0.9999979449548957,2,bumpy
683.0535959472656,684.0535959472656,0.9999901179101465,2,bumpy
684.0535959472656,685.0535959472656,0.9999901179101465,2,bumpy
685.0535959472656,686.0535959472656,0.9999901179101465,2,bumpy
686.0535959472656,687.0535959472656,0.9999819798973695,2,bumpy
687.0535959472656,688.0535959472656,0.9999819798973695,2,bumpy
688.0535959472656,689.0535959472656,0.9999819798973695,2,bumpy
689.0535959472656,690.0535959472656,0.9999854610390514,2,bumpy
690.0535959472656,691.0535959472656,0.9999854610390514,2,bumpy
691.0535959472656,692.0535959472656,0.9999913319675098,2,bumpy
692.0535959472656,693.0535959472656,0.9999913319675098,2,bumpy
693.0535959472656,694.0535959472656,0.9999913319675098,2,bumpy
694.0535959472656,695.0535959472656,0.9999427227773257,2,bumpy
695.0535959472656,696.0535959472656,0.9999427227773257,2,bumpy
696.0535959472656,697.0535959472656,0.9999467872843575,2,bumpy
697.0535959472656,698.0535959472656,0.9999467872843575,2,bumpy
698.0535959472656,699.0535959472656,0.9999467872843575,2,bumpy
699.0535959472656,700.0535959472656,0.999997751467604,2,bumpy
700.0535959472656,701.0535959472656,0.999997751467604,2,bumpy
701.0535959472656,702.0535959472656,0.9999314317383046,2,bumpy
702.0535959472656,703.0535959472656,0.9999314317383046,2,bumpy
703.0535959472656,704.0535959472656,0.9999314317383046,2,bumpy
704.0535959472656,705.0535959472656,0.9999289437726144,2,bumpy
705.0535959472656,706.0535959472656,0.9999289437726144,2,bumpy
706.0535959472656,707.0535959472656,0.9999644672883412,2,bumpy
707.0535959472656,708.0535959472656,0.9999644672883412,2,bumpy
708.0535959472656,709.0535959472656,0.9999644672883412,2,bumpy
709.0535959472656,710.0535959472656,0.999881474453412,2,bumpy
710.0535959472656,711.0535959472656,0.999881474453412,2,bumpy
711.0535959472656,712.0535959472656,0.99987212651127,2,bumpy
712.0535959472656,713.0535959472656,0.99987212651127,2,bumpy
713.0535959472656,714.0535959472656,0.99987212651127,2,bumpy
714.0535959472656,715.0535959472656,0.9999529928993978,2,bumpy
715.0535959472656,716.0535959472656,0.9999529928993978,2,bumpy
716.0535959472656,717.0535959472656,0.9999931069222735,2,bumpy
717.0535959472656,718.0535959472656,0.9999931069222735,2,bumpy
718.0535959472656,719.0535959472656,0.9999931069222735,2,bumpy
719.0535959472656,720.0535959472656,0.9999966006964285,2,bumpy
720.0535959472656,721.0535959472656,0.9999966006964285,2,bumpy
721.0535959472656,722.0535959472656,0.9999242377807885,2,bumpy
722.0535959472656,723.0535959472656,0.9999242377807885,2,bumpy
723.0535959472656,724.0535959472656,0.9999242377807885,2,bumpy
724.0535959472656,725.0535959472656,0.9999137557801757,2,bumpy
725.0535959472656,726.0535959472656,0.9999137557801757,2,bumpy
726.0535959472656,727.0535959472656,0.9999770379453506,2,bumpy
727.0535959472656,728.0535959472656,0.9999770379453506,2,bumpy
728.0535959472656,729.0535959472656,0.9999770379453506,2,bumpy
729.0535959472656,730.0535959472656,0.9999817680640315,2,bumpy
730.0535959472656,731.0535959472656,0.9999817680640315,2,bumpy
731.0535959472656,732.0535959472656,0.9998944844771478,2,bumpy
732.0535959472656,733.0535959472656,0.9998944844771478,2,bumpy
733.0535959472656,734.0535959472656,0.9998944844771478,2,bumpy
734.0535959472656,735.0535959472656,0.9996285819908202,2,bumpy
735.0535959472656,736.0535959472656,0.9996285819908202,2,bumpy
736.0535959472656,737.0535959472656,0.999690628010158,2,bumpy
737.0535959472656,738.0535959472656,0.999690628010158,2,bumpy
738.0535959472656,739.0535959472656,0.999690628010158,2,bumpy
739.0535959472656,740.0535959472656,0.9999628602974666,2,bumpy
740.0535959472656,741.0535959472656,0.9999628602974666,2,bumpy
741.0535959472656,742.0535959472656,0.9999718108005291,2,bumpy
742.0535959472656,743.0535959472656,0.9999718108005291,2,bumpy
743.0535959472656,744.0535959472656,0.9999718108005291,2,bumpy
744.0535959472656,745.0535959472656,0.9999737197696396,2,bumpy
745.0535959472656,746.0535959472656,0.9999737197696396,2,bumpy
746.0535959472656,747.0535959472656,0.999998168682148,2,bumpy
747.0535959472656,748.0535959472656,0.999998168682148,2,bumpy
748.0535959472656,749.0535959472656,0.999998168682148,2,bumpy
749.0535959472656,750.0535959472656,0.9999310620469627,2,bumpy
750.0535959472656,751.0535959472656,0.9999310620469627,2,bumpy
751.0535959472656,752.0535959472656,0.99990678966998,2,bumpy
752.0535959472656,753.0535959472656,0.99990678966998,2,bumpy
753.0535959472656,754.0535959472656,0.99990678966998,2,bumpy
754.0535959472656,755.0535959472656,0.9999744704044595,2,bumpy
755.0535959472656,756.0535959472656,0.9999744704044595,2,bumpy
756.0535959472656,757.0535959472656,0.999999624677676,2,bumpy
757.0535959472656,758.0535959472656,0.999999624677676,2,bumpy
758.0535959472656,759.0535959472656,0.999999624677676,2,bumpy
759.0535959472656,760.0535959472656,0.9999987351953623,2,bumpy
760.0535959472656,761.0535959472656,0.9999987351953623,2,bumpy
761.0535959472656,762.0535959472656,0.9999975809993462,2,bumpy
762.0535959472656,763.0535959472656,0.9999975809993462,2,bumpy
763.0535959472656,764.0535959472656,0.9999975809993462,2,bumpy
764.0535959472656,765.0535959472656,0.9999082259094108,2,bumpy
765.0535959472656,766.0535959472656,0.9999082259094108,2,bumpy
766.0535959472656,767.0535959472656,0.9997483447744986,2,bumpy
767.0535959472656,768.0535959472656,0.9997483447744986,2,bumpy
768.0535959472656,769.0535959472656,0.9997483447744986,2,bumpy
769.0535959472656,770.0535959472656,0.9998308947019372,2,bumpy
770.0535959472656,771.0535959472656,0.9998308947019372,2,bumpy
771.0535959472656,772.0535959472656,0.9999367422398379,2,bumpy
772.0535959472656,773.0535959472656,0.9999367422398379,2,bumpy
773.0535959472656,774.0535959472656,0.9999367422398379,2,bumpy
774.0535959472656,775.0535959472656,0.9901000983976191,2,bumpy
775.0535959472656,776.0535959472656,0.9901000983976191,2,bumpy
776.0535959472656,777.0535959472656,0.9901419627925732,2,bumpy
777.0535959472656,778.0535959472656,0.9901419627925732,2,bumpy
778.0535959472656,779.0535959472656,0.9901419627925732,2,bumpy
779.0535959472656,780.0535959472656,0.9999769153159423,2,bumpy
780.0535959472656,781.0535959472656,0.9999769153159423,2,bumpy
781.0535959472656,782.0535959472656,0.9999810702348338,1,bumpy
782.0535959472656,783.0535959472656,0.9999653149250316,2,bumpy
783.0535959472656,784.0535959472656,0.9999653149250316,2,bumpy
784.0535959472656,785.0535959472656,0.9996161268082632,2,bumpy
785.0535959472656,786.0535959472656,0.9996161268082632,2,bumpy
786.0535959472656,787.0535959472656,0.9996161268082632,2,bumpy
787.0535959472656,788.0535959472656,0.9992362458004369,2,bumpy
788.0535959472656,789.0535959472656,0.9992362458004369,2,bumpy
789.0535959472656,790.0535959472656,0.999580957499624,2,bumpy
790.0535959472656,791.0535959472656,0.999580957499624,2,bumpy
791.0535959472656,792.0535959472656,0.999580957499624,2,bumpy
792.0535959472656,793.0535959472656,0.9998410213716922,2,bumpy
793.0535959472656,794.0535959472656,0.9998410213716922,2,bumpy
794.0535959472656,795.0535959472656,0.9989376196988613,2,bumpy
795.0535959472656,796.0535959472656,0.9989376196988613,2,bumpy
796.0535959472656,797.0535959472656,0.9989376196988613,2,bumpy
797.0535959472656,798.0535959472656,0.9990821279934591,2,bumpy
798.0535959472656,799.0535959472656,0.9990821279934591,2,bumpy
799.0535959472656,800.0535959472656,0.9999991873560781,2,bumpy
800.0535959472656,801.0535959472656,0.9999991873560781,2,bumpy
801.0535959472656,802.0535959472656,0.9999991873560781,2,bumpy
802.0535959472656,803.0535959472656,0.9884456792160226,2,bumpy
803.0535959472656,804.0535959472656,0.9884456792160226,2,bumpy
804.0535959472656,805.0535959472656,0.8504379868254498,2,bumpy
805.0535959472656,806.0535959472656,0.8504379868254498,2,bumpy
806.0535959472656,807.0535959472656,0.8504379868254498,2,bumpy
807.0535959472656,808.0535959472656,0.8052109962053696,2,bumpy
808.0535959472656,809.0535959472656,0.8052109962053696,2,bumpy
809.0535959472656,810.0535959472656,0.4432192673175256,2,smooth
810.0535959472656,811.0535959472656,0.4432192673175256,2,smooth
811.0535959472656,812.0535959472656,0.4432192673175256,2,smooth
812.0535959472656,813.0535959472656,0.05507544013459936,2,smooth
813.0535959472656,814.0535959472656,0.05507544013459936,2,smooth
814.0535959472656,815.0535959472656,0.32149598101374627,2,smooth
815.0535959472656,816.0535959472656,0.32149598101374627,2,smooth
816.0535959472656,817.0535959472656,0.32149598101374627,2,smooth
817.0535959472656,818.0535959472656,0.3743694165373252,2,smooth
818.0535959472656,819.0535959472656,0.3743694165373252,2,smooth
819.0535959472656,820.0535959472656,0.43739830890690184,2,smooth
820.0535959472656,821.0535959472656,0.43739830890690184,2,smooth
821.0535959472656,822.0535959472656,0.43739830890690184,2,smooth
822.0535959472656,823.0535959472656,0.8260848350166741,2,bumpy
823.0535959472656,824.0535959472656,0.8260848350166741,2,bumpy
824.0535959472656,825.0535959472656,0.9966350915335016,2,bumpy
825.0535959472656,826.0535959472656,0.9966350915335016,2,bumpy
826.0535959472656,827.0535959472656,0.9966350915335016,2,bumpy
827.0535959472656,828.0535959472656,0.6219939305298279,2,bumpy
828.0535959472656,829.0535959472656,0.6219939305298279,2,bumpy
829.0535959472656,830.0535959472656,0.1237270128289521,2,smooth
830.0535959472656,831.0535959472656,0.1237270128289521,2,smooth
831.0535959472656,832.0535959472656,0.1237270128289521,2,smooth
832.0535959472656,833.0535959472656,0.09941591867040228,2,smooth
833.0535959472656,834.0535959472656,0.09941591867040228,2,smooth
834.0535959472656,835.0535959472656,0.09775519332765875,2,smooth
835.0535959472656,836.0535959472656,0.09775519332765875,2,smooth
836.0535959472656,837.0535959472656,0.09775519332765875,2,smooth
837.0535959472656,838.0535959472656,7.72347622432501e-05,2,smooth
838.0535959472656,839.0535959472656,7.72347622432501e-05,2,smooth
839.0535959472656,840.0535959472656,0.06449255574226653,2,smooth
840.0535959472656,841.0535959472656,0.06449255574226653,2,smooth
841.0535959472656,842.0535959472656,0.06449255574226653,2,smooth
842.0535959472656,843.0535959472656,0.07412248029114321,2,smooth
843.0535959472656,844.0535959472656,0.07412248029114321,2,smooth
844.0535959472656,845.0535959472656,0.41065098237541203,2,smooth
845.0535959472656,846.0535959472656,0.41065098237541203,2,smooth
846.0535959472656,847.0535959472656,0.41065098237541203,2,smooth
847.0535959472656,848.0535959472656,0.9009080064842583,2,bumpy
848.0535959472656,849.0535959472656,0.9009080064842583,2,bumpy
849.0535959472656,850.0535959472656,0.49989184158684774,2,smooth
850.0535959472656,851.0535959472656,0.49989184158684774,2,smooth
851.0535959472656,852.0535959472656,0.49989184158684774,2,smooth
852.0535959472656,853.0535959472656,0.49681348031528577,2,smooth
853.0535959472656,854.0535959472656,0.49681348031528577,2,smooth
854.0535959472656,855.0535959472656,0.9968134035256484,2,bumpy
855.0535959472656,856.0535959472656,0.9968134035256484,2,bumpy
856.0535959472656,857.0535959472656,0.9968134035256484,2,bumpy
857.0535959472656,858.0535959472656,0.9999592942947018,2,bumpy
858.0535959472656,859.0535959472656,0.9999592942947018,2,bumpy
859.0535959472656,860.0535959472656,0.9999579504512021,2,bumpy
860.0535959472656,861.0535959472656,0.9999579504512021,2,bumpy
861.0535959472656,862.0535959472656,0.9999579504512021,2,bumpy
862.0535959472656,863.0535959472656,0.9999985425547664,2,bumpy
863.0535959472656,864.0535959472656,0.9999985425547664,2,bumpy
864.0535959472656,865.0535959472656,0.9999992676040044,2,bumpy
865.0535959472656,866.0535959472656,0.9999992676040044,2,bumpy
866.0535959472656,867.0535959472656,0.9999992676040044,2,bumpy
867.0535959472656,868.0535959472656,0.9996161791960438,2,bumpy
868.0535959472656,869.0535959472656,0.9996161791960438,2,bumpy
869.0535959472656,870.0535959472656,0.9996130396801468,2,bumpy
870.0535959472656,871.0535959472656,0.9996130396801468,2,bumpy
871.0535959472656,872.0535959472656,0.9996130396801468,2,bumpy
872.0535959472656,873.0535959472656,0.9999885396604931,2,bumpy
873.0535959472656,874.0535959472656,0.9999885396604931,2,bumpy
874.0535959472656,875.0535959472656,0.9999847429251323,2,bumpy
875.0535959472656,876.0535959472656,0.9999847429251323,2,bumpy
876.0535959472656,877.0535959472656,0.9999847429251323,2,bumpy
877.0535959472656,878.0535959472656,0.9967689632373122,2,bumpy
878.0535959472656,879.0535959472656,0.9967689632373122,2,bumpy
879.0535959472656,880.0535959472656,0.9967689632373122,2,bumpy
880.0535959472656,881.0535959472656,0.9967763857103452,2,bumpy
881.0535959472656,882.0535959472656,0.9967763857103452,2,bumpy
882.0535959472656,883.0535959472656,0.9999857181145309,2,bumpy
883.0535959472656,884.0535959472656,0.9999857181145309,2,bumpy
884.0535959472656,885.0535959472656,0.9999857181145309,2,bumpy
885.0535959472656,886.0535959472656,0.9999691231133585,2,bumpy
886.0535959472656,887.0535959472656,0.9999691231133585,2,bumpy
887.0535959472656,888.0535959472656,0.9999636146569009,2,bumpy
888.0535959472656,889.0535959472656,0.9999636146569009,2,bumpy
889.0535959472656,890.0535959472656,0.9999636146569009,2,bumpy
890.0535959472656,891.0535959472656,0.9991319307302728,2,bumpy
891.0535959472656,892.0535959472656,0.9991319307302728,2,bumpy
892.0535959472656,893.0535959472656,0.9991223173425283,2,bumpy
893.0535959472656,894.0535959472656,0.9991223173425283,2,bumpy
894.0535959472656,895.0535959472656,0.9991223173425283,2,bumpy
895.0535959472656,896.0535959472656,0.9999487002487221,2,bumpy
896.0535959472656,897.0535959472656,0.9999487002487221,2,bumpy
897.0535959472656,898.0535959472656,0.9997729182161663,2,bumpy
898.0535959472656,899.0535959472656,0.9997729182161663,2,bumpy
899.0535959472656,900.0535959472656,0.9997729182161663,2,bumpy
900.0535959472656,901.0535959472656,0.9997075205109285,2,bumpy
901.0535959472656,902.0535959472656,0.9997075205109285,2,bumpy
902.0535959472656,903.0535959472656,0.9997451075246089,2,bumpy
903.0535959472656,904.0535959472656,0.9997451075246089,2,bumpy
904.0535959472656,905.0535959472656,0.9997451075246089,2,bumpy
905.0535959472656,906.0535959472656,0.9991593582922584,2,bumpy
906.0535959472656,907.0535959472656,0.9991593582922584,2,bumpy
907.0535959472656,908.0535959472656,0.9992125517717989,2,bumpy
908.0535959472656,909.0535959472656,0.9992125517717989,2,bumpy
909.0535959472656,910.0535959472656,0.9992125517717989,2,bumpy
910.0535959472656,911.0535959472656,0.999566400616211,2,bumpy
911.0535959472656,912.0535959472656,0.999566400616211,2,bumpy
912.0535959472656,913.0535959472656,0.9976952055732402,2,bumpy
913.0535959472656,914.0535959472656,0.9976952055732402,2,bumpy
914.0535959472656,915.0535959472656,0.9976952055732402,2,bumpy
915.0535959472656,916.0535959472656,0.9979148850469926,2,bumpy
916.0535959472656,917.0535959472656,0.9979148850469926,2,bumpy
917.0535959472656,918.0535959472656,0.9998995939687526,2,bumpy
918.0535959472656,919.0535959472656,0.9998995939687526,2,bumpy
919.0535959472656,920.0535959472656,0.9998995939687526,2,bumpy
920.0535959472656,921.0535959472656,0.9999944750216023,2,bumpy
921.0535959472656,922.0535959472656,0.9999944750216023,2,bumpy
922.0535959472656,923.0535959472656,0.9996162663857835,2,bumpy
923.0535959472656,924.0535959472656,0.9996162663857835,2,bumpy
924.0535959472656,925.0535959472656,0.9996162663857835,2,bumpy
925.0535959472656,926.0535959472656,0.9991395866298818,2,bumpy
926.0535959472656,927.0535959472656,0.9991395866298818,2,bumpy
927.0535959472656,928.0535959472656,0.9978741262438822,2,bumpy
928.0535959472656,929.0535959472656,0.9978741262438822,2,bumpy
929.0535959472656,930.0535959472656,0.9978741262438822,2,bumpy
930.0535959472656,931.0535959472656,0.9695223354963407,2,bumpy
931.0535959472656,932.0535959472656,0.9695223354963407,2,bumpy
932.0535959472656,933.0535959472656,0.9705856420303152,2,bumpy
933.0535959472656,934.0535959472656,0.9705856420303152,2,bumpy
934.0535959472656,935.0535959472656,0.9705856420303152,2,bumpy
935.0535959472656,936.0535959472656,0.9994130991997461,2,bumpy
936.0535959472656,937.0535959472656,0.9994130991997461,2,bumpy
937.0535959472656,938.0535959472656,0.9999929105090095,2,bumpy
938.0535959472656,939.0535959472656,0.9999929105090095,2,bumpy
939.0535959472656,940.0535959472656,0.9999929105090095,2,bumpy
940.0535959472656,941.0535959472656,0.9999987664600827,2,bumpy
941.0535959472656,942.0535959472656,0.9999987664600827,2,bumpy
942.0535959472656,943.0535959472656,0.9999994471553884,2,bumpy
943.0535959472656,944.0535959472656,0.9999994471553884,2,bumpy
944.0535959472656,945.0535959472656,0.9999994471553884,2,bumpy
945.0535959472656,946.0535959472656,0.9999993772935449,2,bumpy
946.0535959472656,947.0535959472656,0.9999993772935449,2,bumpy
947.0535959472656,948.0535959472656,0.9999997934681114,2,bumpy
948.0535959472656,949.0535959472656,0.9999997934681114,2,bumpy
949.0535959472656,950.0535959472656,0.9999997934681114,2,bumpy
950.0535959472656,951.0535959472656,0.9999939535360194,2,bumpy
951.0535959472656,952.0535959472656,0.9999939535360194,2,bumpy
952.0535959472656,953.0535959472656,0.9989497532731608,2,bumpy
953.0535959472656,954.0535959472656,0.9989497532731608,2,bumpy
954.0535959472656,955.0535959472656,0.9989497532731608,2,bumpy
955.0535959472656,956.0535959472656,0.9985339620000799,2,bumpy
956.0535959472656,957.0535959472656,0.9985339620000799,2,bumpy
957.0535959472656,958.0535959472656,0.9995716474892711,2,bumpy
958.0535959472656,959.0535959472656,0.9995716474892711,2,bumpy
959.0535959472656,960.0535959472656,0.9995716474892711,2,bumpy
960.0535959472656,961.0535959472656,0.999993196484722,2,bumpy
961.0535959472656,962.0535959472656,0.999993196484722,2,bumpy
962.0535959472656,963.0535959472656,0.9999997892748075,2,bumpy
963.0535959472656,964.0535959472656,0.9999997892748075,2,bumpy
964.0535959472656,965.0535959472656,0.9999997892748075,2,bumpy
965.0535959472656,966.0535959472656,0.999973479351174,2,bumpy
966.0535959472656,967.0535959472656,0.999973479351174,2,bumpy
967.0535959472656,968.0535959472656,0.9999067977728973,2,bumpy
968.0535959472656,969.0535959472656,0.9999067977728973,2,bumpy
969.0535959472656,970.0535959472656,0.9999067977728973,2,bumpy
970.0535959472656,971.0535959472656,0.9999331306544592,2,bumpy
971.0535959472656,972.0535959472656,0.9999331306544592,2,bumpy
972.0535959472656,973.0535959472656,0.9999997411062791,1,bumpy
973.0535959472656,974.0535959472656,0.9999998700369263,2,bumpy
974.0535959472656,975.0535959472656,0.9999998700369263,2,bumpy
975.0535959472656,976.0535959472656,0.9999999523132413,2,bumpy
976.0535959472656,977.0535959472656,0.9999999523132413,2,bumpy
977.0535959472656,978.0535959472656,0.9999999523132413,2,bumpy
978.0535959472656,979.0535959472656,0.9999999261704182,2,bumpy
979.0535959472656,980.0535959472656,0.9999999261704182,2,bumpy
980.0535959472656,981.0535959472656,0.9999999716651516,2,bumpy
981.0535959472656,982.0535959472656,0.9999999716651516,2,bumpy
982.0535959472656,983.0535959472656,0.9999999716651516,2,bumpy
983.0535959472656,984.0535959472656,0.9999996778127025,2,bumpy
984.0535959472656,985.0535959472656,0.9999996778127025,2,bumpy
985.0535959472656,986.0535959472656,0.9999854594271891,2,bumpy
986.0535959472656,987.0535959472656,0.9999854594271891,2,bumpy
987.0535959472656,988.0535959472656,0.9999854594271891,2,bumpy
988.0535959472656,989.0535959472656,0.9982141270456839,2,bumpy
989.0535959472656,990.0535959472656,0.9982141270456839,2,bumpy
990.0535959472656,991.0535959472656,0.9982197653452822,2,bumpy
991.0535959472656,992.0535959472656,0.9982197653452822,2,bumpy
992.0535959472656,993.0535959472656,0.9982197653452822,2,bumpy
993.0535959472656,994.0535959472656,0.9999914173155923,2,bumpy
994.0535959472656,995.0535959472656,0.9999914173155923,2,bumpy
995.0535959472656,996.0535959472656,0.9999999683365082,2,bumpy
996.0535959472656,997.0535959472656,0.9999999683365082,2,bumpy
997.0535959472656,998.0535959472656,0.9999999683365082,2,bumpy
998.0535959472656,999.0535959472656,0.9999993055589724,2,bumpy
999.0535959472656,1000.0535959472656,0.9999993055589724,2,bumpy
1000.0535959472656,1001.0535959472656,0.999999240336165,2,bumpy
1001.0535959472656,1002.0535959472656,0.999999240336165,2,bumpy
1002.0535959472656,1003.0535959472656,0.999999240336165,2,bumpy
1003.0535959472656,1004.0535959472656,0.999999901693932,2,bumpy
1004.0535959472656,1005.0535959472656,0.999999901693932,2,bumpy
1005.0535959472656,1006.0535959472656,0.999999978168864,2,bumpy
1006.0535959472656,1007.0535959472656,0.999999978168864,2,bumpy
1007.0535959472656,1008.0535959472656,0.999999978168864,2,bumpy
1008.0535959472656,1009.0535959472656,0.9999999804833375,2,bumpy
1009.0535959472656,1010.0535959472656,0.9999999804833375,2,bumpy
1010.0535959472656,1011.0535959472656,0.9999952759090627,2,bumpy
1011.0535959472656,1012.0535959472656,0.9999952759090627,2,bumpy
1012.0535959472656,1013.0535959472656,0.9999952759090627,2,bumpy
1013.0535959472656,1014.0535959472656,0.9999952714422418,2,bumpy
1014.0535959472656,1015.0535959472656,0.9999952714422418,2,bumpy
1015.0535959472656,1016.0535959472656,0.999910415321291,2,bumpy
1016.0535959472656,1017.0535959472656,0.999910415321291,2,bumpy
1017.0535959472656,1018.0535959472656,0.999910415321291,2,bumpy
1018.0535959472656,1019.0535959472656,0.49991046418479784,2,smooth
1019.0535959472656,1020.0535959472656,0.49991046418479784,2,smooth
1020.0535959472656,1021.0535959472656,8.873741974557703e-08,1,smooth
1021.0535959472656,1022.0535959472656,8.873741974557703e-08,1,smooth
1022.0535959472656,1023.0535959472656,8.873741974557703e-08,1,smooth
1023.0535959472656,1024.0535959472656,,0,unknown
1024.0535959472656,1024.5805170898439,,0,unknown
