feature,fraction_outside_training_1_99_percentiles,training_p01,training_p99,deployment_median
gravity_y_mean,1.0,-7.293523829565471,-0.7009531361008022,3.2113777986401564
gravity_y_median,1.0,-8.451606305059432,-0.20908661407420603,3.5730782667577263
gravity_z_min,0.9950738916256158,-9.804741325602292,-4.463400335056665,1.9832992844499646
gravity_y_min,0.9950738916256158,-9.691444546625494,-4.393754937684954,-0.29005492269899696
gravity_z_mean,0.9655172413793104,-8.389642467427207,1.392041016717561,3.366617713792122
acc_y_mean,0.7610837438423645,-0.7998691973243197,0.27753642852857613,0.4055883109566701
acc_z_mean_abs,0.7142857142857143,0.6988572876175828,2.5878754056521367,0.6263499115170277
gyro_x_max,0.7019704433497537,1.1528344058990478,4.627582683563232,1.037979006767273
acc_z_iqr,0.6970443349753694,1.0486393603482542,4.294635263679769,0.9571809343794361
acc_z_max,0.687192118226601,2.1808074715641736,16.106932655371132,1.841600949256867
gravity_y_max,0.6305418719211823,-4.193598591685175,6.04169468388283,6.103470604601502
acc_z_mean_square,0.6108374384236454,0.7636737174210202,12.330705944458217,0.7044403468326542
gyro_x_range,0.4236453201970443,2.1925706267356873,7.623774766921995,2.2715753316879272
acc_y_min,0.4039408866995074,-23.718277988803386,-1.945675662082672,-2.090709492528811
gyro_x_mean_square,0.2881773399014778,0.2647590853137333,3.947695779373321,0.3562023059848961
acc_y_median,0.229064039408867,-0.9740321846185326,0.39195492329552745,0.3182000352798961
gyro_z_median,0.22660098522167488,-0.5724093294143677,0.19479024589061736,0.09732094593346119
gyro_magnitude_max,0.21674876847290642,2.007076527332827,10.75332136427372,2.3869295673976683
gravity_z_rms,0.16995073891625614,3.0980938256013566,8.48824830424818,3.502856713751852
gyro_magnitude_mean,0.15517241379310345,0.7930317193218844,1.9499831144040107,1.2906927808494366
gyro_magnitude_rms,0.15270935960591134,0.9336415321991283,2.480106675866357,1.439517831496338
gyro_magnitude_std,0.14532019704433496,0.39210510382295877,1.8407883459954817,0.6246015932581328
gyro_y_iqr,0.14039408866995073,0.3550358856469393,1.994832125306129,0.595990739762783
gyro_magnitude_iqr,0.1354679802955665,0.5670191586370417,1.714822821972416,1.1616267568953405
gyro_y_mean_abs,0.1330049261083744,0.24428199976783246,1.046062886716239,0.411108047941234
gyro_magnitude_min,0.12807881773399016,0.012653168352271472,0.23054456013758107,0.10556676746013866
gyro_x_iqr,0.12561576354679804,0.4045734190195799,3.891342234611511,1.0102266818284988
gyro_y_std,0.12315270935960591,0.30261809632942605,1.6392016512371967,0.5203399709995642
gyro_x_min,0.12315270935960591,-3.9469883918762205,-0.818602728843689,-1.2094963192939758
acc_z_min,0.1206896551724138,-27.80071213736534,-2.1529553016267715,-3.3492309329271315
gyro_magnitude_median,0.11576354679802955,0.46555669758291873,2.0186603433574546,1.362578450647932
gyro_y_min,0.11083743842364532,-8.344699897766112,-0.7196934843063355,-1.2549293041229248
gravity_z_range,0.10837438423645321,2.6391919106152653,19.05396864229047,3.2708063616402443
gyro_y_max,0.10591133004926108,0.68478355884552,8.272226486206048,1.2790127992630005
gravity_y_std,0.10591133004926108,1.5879480917310629,5.559902314323418,2.2136322587171606
acc_magnitude_rms,0.10344827586206896,1.311586928775213,5.541546873992364,2.05869234477459
gravity_y_iqr,0.10344827586206896,1.0393847012566924,11.758740497561034,4.37834127702103
acc_magnitude_min,0.10344827586206896,0.039758692488718925,0.5761478161569702,0.13631530198121034
gyro_y_range,0.10098522167487685,1.4799142050743104,13.14882009506224,2.559558689594269
gyro_z_mean_crossings,0.10098522167487685,8.0,71.27999999999997,9.0
acc_magnitude_median,0.09852216748768473,1.057107077825058,3.8705737225038037,1.5960903651936438
gravity_y_range,0.09852216748768473,4.989961314732432,14.770709466377376,6.388972448839713
acc_z_mean,0.09852216748768473,-0.37592156075714955,0.6182289678830276,-0.07513620983320324
gravity_z_iqr,0.09852216748768473,0.9140990948293057,12.109094910289254,1.6761894377820197
gravity_z_std,0.09852216748768473,0.7281755059093143,5.991193785832973,0.9556873841674521
gravity_x_iqr,0.09359605911330049,0.435173760163553,6.672637855721952,0.8816691452667111
gyro_z_iqr,0.09113300492610837,0.1688615531474352,3.203835970163345,2.184354953467846
acc_y_iqr,0.09113300492610837,0.733582306941053,3.7311626414470522,1.1838919322791508
acc_magnitude_std,0.08866995073891626,0.5445946854406333,3.6210447557980134,0.9805094833881458
acc_magnitude_max,0.08620689655172414,3.1072753722270883,34.661681633691074,5.730581970967784
acc_y_std,0.08374384236453201,0.5775082127967064,3.476452243277331,0.9159883433536693
gravity_y_mean_abs,0.08374384236453201,2.168542403517964,7.761893727834079,3.249635850325604
gyro_z_std,0.08374384236453201,0.1391016405837357,1.6936558759011506,1.187595917354502
gravity_x_range,0.08374384236453201,1.20317727633607,13.314354648879345,1.7982105742111791
acc_x_iqr,0.0812807881773399,0.6040650100888125,4.835924330350815,1.994309338764101
gyro_z_max,0.0812807881773399,0.33798834681510925,6.384167232513427,1.9938868284225464
acc_x_range,0.0812807881773399,2.8632676171481606,31.946867027877328,8.589689454197883
acc_z_median,0.07881773399014778,-0.36252687065309286,0.9291692060405013,0.0019175240591168402
acc_y_range,0.07881773399014778,3.3636711428917345,40.83731347596595,5.529214234472065
acc_x_std,0.07635467980295567,0.4696225410146429,3.910916540918083,1.5469490792817755
gyro_z_min,0.07389162561576355,-6.705077495574951,-0.3378908038139343,-1.9796972274780273
acc_x_median,0.07142857142857142,-0.5715208427570164,0.42614860336284316,0.13735036911666393
gyro_z_range,0.07142857142857142,0.709810380935669,9.700113468170162,3.948868453502655
acc_y_mean_crossings,0.06896551724137931,36.0,100.0,79.0
acc_y_max,0.0665024630541872,0.9531025950989722,23.82270389991615,3.43107466500774
acc_x_min,0.0665024630541872,-15.38418779891014,-1.222386218267441,-4.826144145163893
gyro_magnitude_mean_crossings,0.054187192118226604,11.0,48.27999999999997,19.0
gyro_x_mean_crossings,0.054187192118226604,6.0,53.0,12.0
gyro_x_mean,0.03940886699507389,-0.1910233357300982,0.27295453549919585,-0.03051103987498209
gyro_x_median,0.034482758620689655,-0.7746245241165162,0.13440727829933147,-0.053061701357364655
acc_z_mean_crossings,0.03201970443349754,22.0,116.27999999999997,77.0
gyro_y_mean_crossings,0.022167487684729065,13.719999999999999,89.0,27.0
gyro_y_median,0.017241379310344827,-0.2957298630475998,0.20316952586173984,0.08710316754877567
acc_magnitude_mean_crossings,0.017241379310344827,38.0,124.27999999999997,86.0
gravity_x_min,0.012315270935960592,-5.356865471079945,8.201428434519885,7.268487904937565
gravity_x_median,0.012315270935960592,-1.7814582586858272,8.878515456156432,8.389091478529572
acc_x_mean,0.009852216748768473,-0.44134624844381565,0.4130101693927165,-0.06731414462741911
gravity_y_mean_crossings,0.009852216748768473,1.0,12.0,8.0
acc_x_mean_crossings,0.009852216748768473,27.0,116.27999999999997,57.0
gravity_z_mean_crossings,0.0024630541871921183,1.0,13.0,8.0
gravity_x_mean_abs,0.0024630541871921183,0.299918231647565,8.864784885740189,8.253812654989957
gravity_x_mean_crossings,0.0,1.0,23.0,9.0
gyro_z_mean,0.0,-0.37007483533114194,0.44403869918756156,-0.006491961420979351
gravity_x_max,0.0,-1.0277518008751718,9.799566342885017,9.082528500965237
gravity_z_max,0.0,-6.2015897115715735,9.623806128542899,5.197489440377057
gyro_y_mean,0.0,-0.5507249446539209,0.4993766376394032,0.003146316767204553
