recording_id,window_start_seconds,window_end_seconds,predicted_class,bumpy_score
DeploymentData,0.053595947265625,5.069491943359375,smooth,1.332472398418716e-06
DeploymentData,2.566573974609375,7.58246240234375,bumpy,0.5207828415663249
DeploymentData,5.079543701171875,10.0954287109375,bumpy,0.9999249682437508
DeploymentData,7.592514404296875,12.608377197265625,bumpy,0.9991355957105393
DeploymentData,10.10548095703125,15.121314697265625,bumpy,0.9999650519194494
DeploymentData,12.618427978515625,17.634241455078126,bumpy,0.999997902742268
DeploymentData,15.13136669921875,20.1471572265625,bumpy,0.999982651873477
DeploymentData,17.6442939453125,22.660065673828125,bumpy,0.9989851364026231
DeploymentData,20.157208251953126,25.172964599609376,bumpy,0.9995742134793623
DeploymentData,22.670117919921875,27.685853515625,bumpy,0.9998331164684087
DeploymentData,25.183015625,30.198741943359376,bumpy,0.9995699409322326
DeploymentData,27.69590576171875,32.71161108398437,bumpy,0.9997572038030598
DeploymentData,30.208792724609374,35.2244736328125,bumpy,0.9991241015615067
DeploymentData,32.72166284179688,37.7373291015625,bumpy,0.9976462160314938
DeploymentData,35.234525634765625,40.25017822265625,bumpy,0.9998867902794935
DeploymentData,37.74738110351562,42.763036865234376,bumpy,0.9999729954518701
DeploymentData,40.260229248046876,45.27592309570313,bumpy,0.9999954005732349
DeploymentData,42.7730888671875,47.78881127929687,bumpy,0.9999997641840759
DeploymentData,45.28597534179688,50.301686279296874,bumpy,0.999999968787382
DeploymentData,47.79886303710938,52.81454907226563,bumpy,0.999999997479396
DeploymentData,50.3117373046875,55.32739819335937,bumpy,0.9999999747257543
DeploymentData,52.824600341796874,57.8402373046875,bumpy,0.9999980884560244
DeploymentData,55.33744897460937,60.35307885742188,bumpy,0.9999999725621277
DeploymentData,57.850289306640626,62.86590869140625,bumpy,0.9999999945204348
DeploymentData,60.36313110351563,65.37872705078125,bumpy,0.999999997053642
DeploymentData,62.87595947265625,67.89154565429688,bumpy,0.9999998998427573
DeploymentData,65.388779296875,70.40436791992188,bumpy,0.999992866060172
DeploymentData,67.9015966796875,72.91718115234374,bumpy,0.9999991891350606
DeploymentData,70.414419921875,75.42999438476562,bumpy,0.9999675252601417
DeploymentData,72.9272333984375,77.94280053710938,bumpy,0.9999428944931003
DeploymentData,75.44004541015624,80.455609375,bumpy,0.9999905819195558
DeploymentData,77.95285131835938,82.96841723632812,bumpy,0.9999954270231177
DeploymentData,80.46566040039062,85.48122509765625,bumpy,0.9999864360257912
DeploymentData,82.97846923828125,87.9940380859375,bumpy,0.999916516821516
DeploymentData,85.49127612304687,90.50685034179688,bumpy,0.9999478760934556
DeploymentData,88.00409033203125,93.01966552734375,bumpy,0.9995292307913125
DeploymentData,90.51690209960938,95.53251928710938,bumpy,0.9915580793539032
DeploymentData,93.02971655273437,98.04539282226563,bumpy,0.9958122010242412
DeploymentData,95.54257006835938,100.55826879882812,bumpy,0.998139583328388
DeploymentData,98.05544482421875,103.071162109375,bumpy,0.9998955503292837
DeploymentData,100.56832104492187,105.58405615234375,bumpy,0.9999608648912827
DeploymentData,103.0812138671875,108.09694018554687,bumpy,0.9994427104723967
DeploymentData,105.594107421875,110.609818359375,bumpy,0.9998343401748833
DeploymentData,108.1069912109375,113.1227177734375,bumpy,0.9999940017450439
DeploymentData,110.61986938476562,115.63562231445313,bumpy,0.9999891471943615
DeploymentData,113.13276879882812,118.14851586914062,bumpy,0.9974473033510742
DeploymentData,115.64567333984375,120.66140209960938,bumpy,0.9998142765063085
DeploymentData,118.15856787109375,123.17428002929688,bumpy,0.9999962182779556
DeploymentData,120.67145385742188,125.68714990234375,bumpy,0.9997431710622335
DeploymentData,123.18433203125,128.200013671875,bumpy,0.9993515883246844
DeploymentData,125.69720190429688,130.71286889648437,bumpy,0.9999984033013835
DeploymentData,128.21006494140624,133.22572338867187,bumpy,0.9999941574779169
DeploymentData,130.7229208984375,135.73857348632814,bumpy,0.99983353551487
DeploymentData,133.23577416992188,138.25141625976562,bumpy,0.9999772755465587
DeploymentData,135.74862451171876,140.7642529296875,bumpy,0.9979750723690245
DeploymentData,138.26146728515624,143.2770693359375,bumpy,0.9817834673254072
DeploymentData,140.7743046875,145.78987841796874,smooth,0.0166553996326414
DeploymentData,143.28712036132814,148.30267749023437,smooth,0.1117394960627528
DeploymentData,145.7999294433594,150.81548779296875,smooth,0.00011066059422604191
DeploymentData,148.31272924804688,153.3283056640625,smooth,0.015033268763990915
DeploymentData,150.82553881835938,155.84112377929688,smooth,0.2300629325690643
DeploymentData,153.3383576660156,158.35393896484376,smooth,0.12450583845147112
DeploymentData,155.8511748046875,160.86675244140625,bumpy,0.9938914776660203
DeploymentData,158.36398974609375,163.37956982421875,bumpy,0.9996508113610122
DeploymentData,160.87680346679687,165.8923828125,bumpy,0.9954552265576877
DeploymentData,163.38962084960937,168.40519067382812,bumpy,0.5329392380660902
DeploymentData,165.9024338378906,170.91799267578125,bumpy,0.8798593371787712
DeploymentData,168.41524169921874,173.43079467773438,bumpy,0.5788557690804701
DeploymentData,170.92804443359375,175.9435859375,bumpy,0.9753154101047584
DeploymentData,173.4408464355469,178.4563759765625,bumpy,0.9783165436804577
DeploymentData,175.9536369628906,180.96916723632813,smooth,2.255973186038318e-13
DeploymentData,178.46642700195312,183.481955078125,smooth,0.11833369202565414
DeploymentData,180.97921826171876,185.99474658203124,bumpy,0.9999995789927494
DeploymentData,183.4920068359375,188.50753247070313,bumpy,0.99999986304559
DeploymentData,186.00479760742186,191.0203244628906,bumpy,0.9997464165546002
DeploymentData,188.51758349609375,193.5331154785156,bumpy,0.9999976685904217
DeploymentData,191.03037573242187,196.04590771484374,bumpy,0.9999994795073869
DeploymentData,193.54316674804687,198.5586962890625,bumpy,0.9999989718264393
DeploymentData,196.0559587402344,201.071482421875,bumpy,0.9999906104731487
DeploymentData,198.56874755859374,203.5842666015625,bumpy,0.9999885389764555
DeploymentData,201.08153344726563,206.0970458984375,bumpy,0.9999866772327078
DeploymentData,203.5943173828125,208.60982153320313,bumpy,0.9995418856812214
DeploymentData,206.1070966796875,211.12260473632813,bumpy,0.9997117947346388
DeploymentData,208.61987255859376,213.63539404296876,bumpy,0.999998950989381
DeploymentData,211.13265673828124,216.1481696777344,bumpy,0.9999997630249574
DeploymentData,213.64544482421874,218.66095092773438,bumpy,0.9999978678938499
DeploymentData,216.158220703125,221.17373217773437,bumpy,0.9999810064057273
DeploymentData,218.671001953125,223.68651098632813,bumpy,0.9999456070993658
DeploymentData,221.183783203125,226.19928515625,bumpy,0.9999437117591088
DeploymentData,223.69656201171875,228.71205322265624,bumpy,0.9998226440446366
DeploymentData,226.20933959960936,231.22481713867188,bumpy,0.9999202606797932
DeploymentData,228.72210400390625,233.73757836914064,bumpy,0.9999963185064453
DeploymentData,231.2348681640625,236.25034008789063,bumpy,0.9999952422674654
DeploymentData,233.74762915039062,238.76309545898437,bumpy,0.9997759771624485
DeploymentData,236.26039111328126,241.2758630371094,bumpy,0.9999220950244387
DeploymentData,238.773146484375,243.78863159179687,bumpy,0.999989832342791
DeploymentData,241.28591381835938,246.30141381835938,bumpy,0.999999396883532
DeploymentData,243.7986823730469,248.81419360351563,bumpy,0.9999971907425034
DeploymentData,246.31146484375,251.32697241210937,bumpy,0.9999999999968533
DeploymentData,248.82424462890626,253.83975219726562,bumpy,0.9999999999968381
DeploymentData,251.3370234375,256.3525285644531,bumpy,0.9999914902691435
DeploymentData,253.84980322265625,258.86530517578126,bumpy,0.9998985187079795
DeploymentData,256.3625793457031,261.37808081054686,bumpy,0.9998654331277582
DeploymentData,258.8753564453125,263.89086083984375,bumpy,0.9410966474079043
DeploymentData,261.3881318359375,266.4036596679687,bumpy,0.9812752451295814
DeploymentData,263.9009118652344,268.9164675292969,bumpy,0.9988335333902645
DeploymentData,266.41371069335935,271.429275390625,bumpy,0.9982847810313885
DeploymentData,268.9265187988281,273.94208325195314,bumpy,0.9727467783713075
DeploymentData,271.439326171875,276.4548815917969,bumpy,0.9973570825887142
DeploymentData,273.95213427734376,278.96768994140626,bumpy,0.9999367446915132
DeploymentData,276.4649333496094,281.4804951171875,bumpy,0.9947780989276621
DeploymentData,278.9777409667969,283.993298828125,bumpy,0.9956655874627411
DeploymentData,281.4905461425781,286.50610009765626,bumpy,0.9996347758018411
DeploymentData,284.0033498535156,289.01890161132815,bumpy,0.9983401015839343
DeploymentData,286.5161511230469,291.531693359375,bumpy,0.9997448342074621
DeploymentData,289.02895385742187,294.04446875,bumpy,0.9795613209939157
DeploymentData,291.541744140625,296.55723046875,bumpy,0.9968013290785886
DeploymentData,294.0545205078125,299.06999096679687,bumpy,0.9998012648852022
DeploymentData,296.56728125,301.58275390625,bumpy,0.9997940631868988
DeploymentData,299.0800419921875,304.09553637695313,bumpy,0.9982143882460502
DeploymentData,301.59280615234377,306.60831982421877,bumpy,0.9981876039437791
DeploymentData,304.10558715820315,309.1211254882812,bumpy,0.9960045935406611
DeploymentData,306.61837109375,311.63393579101563,bumpy,0.9999863918491887
DeploymentData,309.1311767578125,314.14674682617186,bumpy,0.9999754179102035
DeploymentData,311.64398681640625,316.65955786132815,bumpy,0.9999471290924565
DeploymentData,314.1567978515625,319.1723693847656,bumpy,0.9999274051556541
DeploymentData,316.6696086425781,321.6851701660156,bumpy,0.9999976023790743
DeploymentData,319.1824213867188,324.19799438476565,bumpy,0.9999999980739379
DeploymentData,321.6952219238281,326.7108215332031,bumpy,0.9999999263638077
DeploymentData,324.2080454101563,329.22365869140623,bumpy,0.9999989965910873
DeploymentData,326.7208725585937,331.73648999023436,bumpy,0.9998811277844216
DeploymentData,329.23370971679685,334.2493256835937,bumpy,0.9990643920029512
DeploymentData,331.7465419921875,336.7621689453125,bumpy,0.9999342076005578
DeploymentData,334.2593776855469,339.27500073242186,bumpy,0.9993667418527112
DeploymentData,336.77222021484374,341.78782934570313,bumpy,0.9917514672371053
DeploymentData,339.2850517578125,344.3006513671875,bumpy,0.9964695585582938
DeploymentData,341.79788037109375,346.81346801757815,bumpy,0.998024731139696
DeploymentData,344.31070361328125,349.326283203125,bumpy,0.999997598421353
DeploymentData,346.8235187988281,351.8390808105469,bumpy,0.9999702603199295
DeploymentData,349.3363342285156,354.35186645507815,bumpy,0.9998952366177656
DeploymentData,351.84913305664065,356.86464892578124,bumpy,0.999964630802407
DeploymentData,354.3619177246094,359.37744409179686,bumpy,0.9988167013622659
DeploymentData,356.87469995117186,361.89024462890626,bumpy,0.999788138941814
DeploymentData,359.3874951171875,364.40304077148437,bumpy,0.9999949803706794
DeploymentData,361.90029638671876,366.91583447265623,bumpy,0.9998717774692354
DeploymentData,364.4130915527344,369.42862963867185,bumpy,0.9999998040664585
DeploymentData,366.9258857421875,371.9414306640625,bumpy,0.9999999827297392
DeploymentData,369.43868041992187,374.45424291992185,bumpy,0.9999309769339314
DeploymentData,371.95148168945315,376.96705395507814,bumpy,0.9999526886184847
DeploymentData,374.46429418945314,379.47986108398436,bumpy,0.9998565072734065
DeploymentData,376.97710498046877,381.9926662597656,bumpy,0.995201808265441
DeploymentData,379.48991235351565,384.5054772949219,bumpy,0.9998139623408862
DeploymentData,382.0027170410156,387.018296875,bumpy,0.9998209587566625
DeploymentData,384.515529296875,389.5311174316406,bumpy,0.9919947161011677
DeploymentData,387.0283479003906,392.043931640625,bumpy,0.9985017871416534
DeploymentData,389.5411696777344,394.55673852539064,bumpy,0.9999786587753711
DeploymentData,392.0539826660156,397.06954125976563,bumpy,0.9999999394834854
DeploymentData,394.56678955078127,399.58234106445315,bumpy,0.9999999997901116
DeploymentData,397.07959228515625,402.09513842773435,bumpy,0.9999999801158188
DeploymentData,399.59239208984377,404.6079306640625,bumpy,0.9999971363508073
DeploymentData,402.105189453125,407.12072045898435,bumpy,0.9999939676481553
DeploymentData,404.61798168945313,409.6335048828125,bumpy,0.9999851874539896
DeploymentData,407.13077172851564,412.14628100585935,bumpy,0.9999715575183711
DeploymentData,409.64355615234376,414.659044921875,bumpy,0.9999860290323049
DeploymentData,412.15633203125,417.1717951660156,bumpy,0.9999028635894558
DeploymentData,414.669095703125,419.6845576171875,bumpy,0.9999875204906732
DeploymentData,417.18184594726563,422.19733227539064,bumpy,0.9999948915075748
DeploymentData,419.6946083984375,424.71011669921876,bumpy,0.9998559660596957
DeploymentData,422.20738305664065,427.2229055175781,bumpy,0.9999954263560623
DeploymentData,424.72016796875,429.735701171875,bumpy,0.9999990333781255
DeploymentData,427.2329575195312,432.24849975585937,bumpy,0.999951816766581
DeploymentData,429.7457531738281,434.76129711914064,bumpy,0.9999999997615813
DeploymentData,432.2585505371094,437.274099609375,bumpy,0.9999999999907436
DeploymentData,434.77134814453126,439.7869074707031,bumpy,0.9999999999991521
DeploymentData,437.28415063476564,442.2997001953125,bumpy,0.9999999999999852
DeploymentData,439.79695849609374,444.81247265625,bumpy,0.9999999999943107
DeploymentData,442.3097512207031,447.3252580566406,bumpy,0.9999999999925007
DeploymentData,444.82252392578124,449.83806420898435,bumpy,0.9999999997812186
DeploymentData,447.33530932617185,452.350904296875,bumpy,0.9999999999972038
DeploymentData,449.84811547851564,454.86376708984375,bumpy,0.999999917940531
DeploymentData,452.360955078125,457.37661767578123,bumpy,0.999986043912585
DeploymentData,454.87381811523437,459.8894682617188,bumpy,0.999994190252803
DeploymentData,457.38666870117186,462.4023063964844,bumpy,0.9999999892903991
DeploymentData,459.89951953125,464.9151335449219,bumpy,0.9999967480370153
DeploymentData,462.4123576660156,467.42794384765625,bumpy,0.999992936169236
DeploymentData,464.92518481445313,469.9407412109375,bumpy,0.9999017764881678
DeploymentData,467.4379948730469,472.4535344238281,bumpy,0.9997418447876059
DeploymentData,469.95079321289063,474.9663239746094,bumpy,0.9999643918591852
DeploymentData,472.4635852050781,477.47910693359376,bumpy,0.9998593199216174
DeploymentData,474.97637475585935,479.99188818359374,bumpy,0.9999465213202036
DeploymentData,477.4891579589844,482.5046704101562,bumpy,0.9999995430753638
DeploymentData,480.00193896484376,485.01743798828124,bumpy,0.9999993129410277
DeploymentData,482.51472119140624,487.53020141601564,bumpy,0.9996114710252701
DeploymentData,485.02748901367187,490.0429621582031,bumpy,0.8559296109801606
DeploymentData,487.5402526855469,492.5557170410156,bumpy,0.998470194437369
DeploymentData,490.05301293945314,495.06846435546873,bumpy,0.9999996342723394
DeploymentData,492.56576806640624,497.58120458984376,bumpy,0.9999999358702838
DeploymentData,495.07851440429687,500.0939372558594,bumpy,0.99999999835248
DeploymentData,497.5912553710937,502.6066628417969,bumpy,0.9999999571520433
DeploymentData,500.1039885253906,505.1193798828125,bumpy,0.9999914695024434
DeploymentData,502.6167138671875,507.6320905761719,bumpy,0.9998099882424587
DeploymentData,505.1294309082031,510.14480517578124,bumpy,0.9906620582759371
DeploymentData,507.6421416015625,512.6575219726562,bumpy,0.9991383195111773
DeploymentData,510.15485620117187,515.1702351074218,bumpy,0.9971876910572111
DeploymentData,512.6675720214844,517.6829528808594,bumpy,0.996573084277337
DeploymentData,515.1802861328125,520.1956857910156,bumpy,0.9844568078726009
DeploymentData,517.6930036621094,522.7084516601562,bumpy,0.968654950840436
DeploymentData,520.2057368164062,525.2212248535157,bumpy,0.9977618202040716
DeploymentData,522.7185026855469,527.734,bumpy,0.9996823307552399
DeploymentData,525.2312758789062,530.2467751464844,bumpy,0.9999989334179191
DeploymentData,527.7440522460937,532.7595615234375,bumpy,0.9999998556214968
DeploymentData,530.2568264160157,535.2723742675781,bumpy,0.9971451306660917
DeploymentData,532.7696125488281,537.7851989746093,bumpy,0.892301353325922
DeploymentData,535.2824252929687,540.2980334472657,bumpy,0.9999506614902117
DeploymentData,537.79525,542.8108586425781,bumpy,0.9999995660277876
DeploymentData,540.3080844726562,545.3236791992188,bumpy,0.9999932600297177
DeploymentData,542.8209096679687,547.8364899902343,bumpy,0.9999064204177021
DeploymentData,545.3337309570312,550.349296875,bumpy,0.998262113509767
DeploymentData,547.8465407714843,552.8620959472656,bumpy,0.9996868941626413
DeploymentData,550.35934765625,555.3748898925782,bumpy,0.9999842372273097
DeploymentData,552.8721472167969,557.8876770019531,bumpy,0.9999932395940224
DeploymentData,555.3849418945313,560.4004543457031,bumpy,0.9999984100358255
DeploymentData,557.8977282714844,562.9132180175782,bumpy,0.9979505562389067
DeploymentData,560.4105053710938,565.4259675292968,bumpy,0.9748022983651475
DeploymentData,562.9232690429687,567.9387121582031,bumpy,0.999873944613345
DeploymentData,565.4360185546875,570.451455078125,bumpy,0.9999664049686917
DeploymentData,567.9487634277343,572.9641994628906,bumpy,0.9703628860429898
DeploymentData,570.4615061035156,575.4769409179687,bumpy,0.9527601965568437
DeploymentData,572.9742504882812,577.9896828613281,bumpy,0.9999983434173297
DeploymentData,575.4869919433594,580.5024255371094,bumpy,0.9999973211527557
DeploymentData,577.9997338867188,583.0151677246093,bumpy,0.9999995421797462
DeploymentData,580.5124763183594,585.5279050292969,bumpy,0.9999989449711099
DeploymentData,583.02521875,588.0406433105469,bumpy,0.9999990214686207
DeploymentData,585.5379560546875,590.5533662109375,bumpy,0.9999670078278385
DeploymentData,588.0506943359375,593.0660849609375,bumpy,0.9997205909676706
DeploymentData,590.5634206542969,595.578794921875,bumpy,0.9998619502490722
DeploymentData,593.0761362304687,598.0914973144531,bumpy,0.9999817852358824
DeploymentData,595.5888459472657,600.6042087402344,bumpy,0.9999953106944716
DeploymentData,598.1015485839844,603.11692578125,bumpy,0.9999513473425405
DeploymentData,600.6142600097656,605.6296418457031,bumpy,0.9999950232104344
DeploymentData,603.1269770507813,608.142361328125,bumpy,0.9999995874069253
DeploymentData,605.6396916503907,610.6550773925782,bumpy,0.9999925038227305
DeploymentData,608.1524123535156,613.1678049316406,bumpy,0.9999915627305371
DeploymentData,610.6651284179687,615.6805324707032,bumpy,0.9999510800106103
DeploymentData,613.1778559570313,618.1932595214844,bumpy,0.999998031887588
DeploymentData,615.6905834960937,620.7059873046875,bumpy,0.9999999219338499
DeploymentData,618.203310546875,623.2187854003906,bumpy,0.9999492983509418
DeploymentData,620.7160383300782,625.7317028808594,bumpy,0.9998728202040912
DeploymentData,623.2288364257812,628.2447275390625,bumpy,0.9999939131809836
DeploymentData,625.7417548828125,630.7578513183594,bumpy,0.9999946432137636
DeploymentData,628.2547795410156,633.2710080566407,bumpy,0.9999881884233637
DeploymentData,630.7679030761718,635.7841796875,bumpy,0.9999681307676036
DeploymentData,633.2810600585938,638.2974025878906,bumpy,0.9999996680314597
DeploymentData,635.7942314453124,640.8106701660156,bumpy,0.9999999245025686
DeploymentData,638.3074555664062,643.3240266113281,bumpy,0.9999997675797001
DeploymentData,640.8207231445313,645.8375119628906,bumpy,0.999999983200408
DeploymentData,643.3340805664062,648.35104296875,bumpy,0.9999998880001532
DeploymentData,645.8475656738282,650.8645466308594,bumpy,0.9999785366725097
DeploymentData,648.3610979003906,653.37807421875,bumpy,0.9996860282374231
DeploymentData,650.8746015625,655.8915546875,bumpy,0.9999999736161421
DeploymentData,653.3881281738281,658.4050812988281,bumpy,0.9999996959388334
DeploymentData,655.9016088867188,660.9187121582031,bumpy,0.9999999849327432
DeploymentData,658.4151362304688,663.4324130859375,bumpy,0.9999999483109199
DeploymentData,660.9287673339844,665.9460786132812,bumpy,0.9999972502512372
DeploymentData,663.4424680175781,668.4596572265625,bumpy,0.9999998385262765
DeploymentData,665.9561337890625,670.9731665039062,bumpy,0.9999892966860321
DeploymentData,668.4697111816406,673.48660546875,bumpy,0.9999823265590913
DeploymentData,670.9832204589844,675.9999836425782,bumpy,0.9999940644107388
DeploymentData,673.4966586914062,678.5133054199218,bumpy,0.9998166286308202
DeploymentData,676.0100363769532,681.0265903320312,bumpy,0.9999999092327885
DeploymentData,678.5233583984375,683.5398454589844,bumpy,0.9999999432839304
DeploymentData,681.0366435546875,686.0530756835938,bumpy,0.9999959466258611
DeploymentData,683.5498984375,688.5663049316406,bumpy,0.9999842891944317
DeploymentData,686.0631286621094,691.0795375976562,bumpy,0.9999796706003072
DeploymentData,688.5763579101563,693.5927421875,bumpy,0.9999912514777956
DeploymentData,691.0895893554688,696.1059343261719,bumpy,0.999991412457224
DeploymentData,693.6027951660157,698.6191335449219,bumpy,0.9998940330974272
DeploymentData,696.1159873046875,701.1323354492188,bumpy,0.9999995414712879
DeploymentData,698.6291865234375,703.6455090332031,bumpy,0.9999959614639199
DeploymentData,701.1423876953126,706.1586535644532,bumpy,0.9998669020126891
DeploymentData,703.6555610351562,708.6717739257813,bumpy,0.9999909855325396
DeploymentData,706.1687067871094,711.1848598632813,bumpy,0.9999379490441428
DeploymentData,708.6818259277344,713.6979262695312,bumpy,0.9998249998626813
DeploymentData,711.1949118652344,716.2109675292969,bumpy,0.9999192531598586
DeploymentData,713.7079782714844,718.7239907226563,bumpy,0.9999867326389369
DeploymentData,716.2210192871094,721.2370017089844,bumpy,0.9999994812056101
DeploymentData,718.7340424804687,723.7500087890625,bumpy,0.999993720187247
DeploymentData,721.2470534667968,726.26299609375,bumpy,0.9998547553743301
DeploymentData,723.760060546875,728.7759770507812,bumpy,0.9999727561860213
DeploymentData,726.2730483398437,731.2889406738282,bumpy,0.99998131970468
DeploymentData,728.7860290527344,733.801900390625,bumpy,0.9999822164233829
DeploymentData,731.2989929199218,736.3148525390625,bumpy,0.9998067525309126
DeploymentData,733.8119526367187,738.8277883300781,bumpy,0.9994504114507279
DeploymentData,736.3249047851563,741.3407214355469,bumpy,0.999930844569588
DeploymentData,738.8378403320313,743.8536533203124,bumpy,0.9999948760253451
DeploymentData,741.3507731933594,746.3665769042968,bumpy,0.9999487455757132
DeploymentData,743.8637043457031,748.8794946289063,bumpy,0.9999986939635659
DeploymentData,746.3766279296875,751.3924079589843,bumpy,0.9999976434007302
DeploymentData,748.8895456542969,753.9053186035156,bumpy,0.9998644806931952
DeploymentData,751.4024602050781,756.4182248535157,bumpy,0.9999490986467648
DeploymentData,753.9153706054688,758.9311303710938,bumpy,0.9999998421621542
DeploymentData,756.4282766113281,761.4440241699219,bumpy,0.9999994071931978
DeploymentData,758.9411823730469,763.9569194335937,bumpy,0.9999980631975267
DeploymentData,761.4540764160156,766.4698266601563,bumpy,0.9999970988011658
DeploymentData,763.9669702148437,768.9827895507813,bumpy,0.9998193530176556
DeploymentData,766.4798776855469,771.4958188476562,bumpy,0.9996773365313416
DeploymentData,768.9928415527344,774.0089162597657,bumpy,0.9999844528725329
DeploymentData,771.50587109375,776.5220571289062,bumpy,0.9998890316071428
DeploymentData,774.0189689941407,779.03524609375,bumpy,0.9803111651880955
DeploymentData,776.5321103515626,781.5484899902344,bumpy,0.9999727603970509
DeploymentData,779.0452990722656,784.061771484375,bumpy,0.9999810702348338
DeploymentData,781.5585427246094,786.5750952148437,bumpy,0.9999495596152294
DeploymentData,784.0718249511718,789.088443359375,bumpy,0.999282694001297
DeploymentData,786.5851484375,791.6018073730469,bumpy,0.9991897975995767
DeploymentData,789.0984965820312,794.1151867675782,bumpy,0.9999721173996713
DeploymentData,791.6118601074219,796.6285852050781,bumpy,0.9997099253437131
DeploymentData,794.1252409667969,799.1419953613281,bumpy,0.9981653140540097
DeploymentData,796.638638671875,801.6554196777344,bumpy,0.9999989419329085
DeploymentData,799.1520495605469,804.1688615722657,bumpy,0.9999994327792477
DeploymentData,801.6654733886719,806.6823198242188,bumpy,0.9768919256527975
DeploymentData,804.1789155273437,809.1958134765625,bumpy,0.7239840479981021
DeploymentData,806.6923740234375,811.7093439941407,bumpy,0.8864379444126371
DeploymentData,809.2058676757813,814.2228874511719,smooth,5.902224140541534e-07
DeploymentData,811.7193989257812,816.7363842773437,smooth,0.11015029004678467
DeploymentData,814.23294140625,819.2498117675781,bumpy,0.5328416719807079
DeploymentData,816.7464379882813,821.7631909179687,smooth,0.21589716109394252
DeploymentData,819.2598645019531,824.276541015625,bumpy,0.6588994567198612
DeploymentData,821.7732451171875,826.7898615722656,bumpy,0.9932702133134871
DeploymentData,824.2865942382813,829.3031528320313,bumpy,0.9999999697535161
DeploymentData,826.7999152832032,831.8164187011719,smooth,0.24398789130613963
DeploymentData,829.3132058105468,834.3296723632812,smooth,0.0034661343517645715
DeploymentData,831.8264729003906,836.842908203125,smooth,0.19536570298904
DeploymentData,834.3397255859375,839.3561276855469,smooth,0.00014468366627751195
DeploymentData,836.8529611816406,841.8693315429688,smooth,9.785858208988252e-06
DeploymentData,839.3661809082031,844.3825275878906,smooth,0.12897532562632408
DeploymentData,841.879384765625,846.8957062988281,smooth,0.019269634955962345
DeploymentData,844.3925808105469,849.4088764648437,bumpy,0.8020323297948617
DeploymentData,846.9057592773438,851.9220441894531,bumpy,0.9997836831736548
DeploymentData,849.4189296875,854.4352053222656,smooth,4.063416270128073e-14
DeploymentData,851.9320971679688,856.9483420410156,bumpy,0.9936269606305309
DeploymentData,854.4452585449219,859.4614616699218,bumpy,0.999999846420766
DeploymentData,856.9583947753906,861.9745607910156,bumpy,0.9999187421686376
DeploymentData,859.4715146484375,864.4876428222656,bumpy,0.9999971587337665
DeploymentData,861.9846125488282,867.0007202148438,bumpy,0.9999999263757662
DeploymentData,864.4976948242188,869.5137856445313,bumpy,0.9999986088322426
DeploymentData,867.0107727050781,872.0268403320313,bumpy,0.999233749559845
DeploymentData,869.5238374023437,874.5398874511719,bumpy,0.9999923298004485
DeploymentData,872.0368930664063,877.0529272460938,bumpy,0.9999847495205375
DeploymentData,874.5499396972656,879.5659614257812,bumpy,0.9999847363297271
DeploymentData,877.0629802246094,882.0789831542969,bumpy,0.9935531901448975
DeploymentData,879.5760131835938,884.5919956054687,bumpy,0.9999995812757929
DeploymentData,882.08903515625,887.1050029296875,bumpy,0.9999718549532688
DeploymentData,884.6020478515625,889.6179990234375,bumpy,0.9999663912734483
DeploymentData,887.1150549316407,892.1309892578125,bumpy,0.9999608380403533
DeploymentData,889.6280510253906,894.64398046875,bumpy,0.9983030234201924
DeploymentData,892.141041015625,897.1569729003907,bumpy,0.9999416112648642
DeploymentData,894.6540322265625,899.6699597167968,bumpy,0.9999557892325799
DeploymentData,897.1670251464843,902.1829384765625,bumpy,0.9995900471997528
DeploymentData,899.68001171875,904.6959150390625,bumpy,0.9998249938221042
DeploymentData,902.1929904785156,907.2088930664063,bumpy,0.9996652212271135
DeploymentData,904.705966796875,909.7218725585938,bumpy,0.9986534953574034
DeploymentData,907.2189453125,912.2348566894532,bumpy,0.9997716081861943
DeploymentData,909.7319245605469,914.7478403320313,bumpy,0.9993611930462277
DeploymentData,912.2449084472656,917.2608229980468,bumpy,0.9960292181002528
DeploymentData,914.7578923339844,919.773798828125,bumpy,0.9998005519937324
DeploymentData,917.2708747558594,922.2867697753907,bumpy,0.9999986359437728
DeploymentData,919.7838508300781,924.799734375,bumpy,0.9999903140994318
DeploymentData,922.2968220214843,927.3127109375,bumpy,0.9992422186721353
DeploymentData,924.8097866210937,929.8256879882813,bumpy,0.9990369545876284
DeploymentData,927.3227631835938,932.3386606445313,bumpy,0.996711297900136
DeploymentData,929.8357399902344,934.8516318359375,bumpy,0.9423333730925454
DeploymentData,932.348712890625,937.3645959472656,bumpy,0.998837910968085
DeploymentData,934.8616838378906,939.8776076660156,bumpy,0.9999882874314071
DeploymentData,937.3746477050781,942.3907023925781,bumpy,0.9999975335866119
DeploymentData,939.8876596679687,944.9037951660156,bumpy,0.9999999993335534
DeploymentData,942.4007541503906,947.4168793945313,bumpy,0.9999988949772233
DeploymentData,944.9138471679687,949.9299689941406,bumpy,0.9999998596098666
DeploymentData,947.4269313964844,952.4430913085937,bumpy,0.9999997273263562
DeploymentData,949.9400219726563,954.9562685546875,bumpy,0.9999881797456824
DeploymentData,952.4531442871094,957.4695107421875,bumpy,0.9979113268006391
DeploymentData,954.9663215332031,959.9828049316407,bumpy,0.9991565971995208
DeploymentData,957.4795639648438,962.4961237792969,bumpy,0.9999866977790215
DeploymentData,959.9928581542969,965.0095141601563,bumpy,0.9999996951904223
DeploymentData,962.5061779785157,967.5229780273437,bumpy,0.9999998833591927
DeploymentData,965.0195681152344,970.03641796875,bumpy,0.9999470753431553
DeploymentData,967.5330322265625,972.5498232421875,bumpy,0.9998665202026393
DeploymentData,970.0464719238281,975.0632177734375,bumpy,0.9999997411062791
DeploymentData,972.5598759765625,977.5765498046875,bumpy,0.9999999989675734
DeploymentData,975.0732719726562,980.0898193359375,bumpy,0.9999999056589093
DeploymentData,977.5866030273437,982.6030317382813,bumpy,0.9999999466819272
DeploymentData,980.0998720703125,985.1162009277343,bumpy,0.9999999966483761
DeploymentData,982.6130849609375,987.629337890625,bumpy,0.999999358977029
DeploymentData,985.1262536621093,990.1424475097656,bumpy,0.9999715598773491
DeploymentData,987.6393908691406,992.65553125,bumpy,0.9964566942140186
DeploymentData,990.1525007324219,995.1685991210937,bumpy,0.999982836476546
DeploymentData,992.665583984375,997.6816540527344,bumpy,0.9999999981546386
DeploymentData,995.1786513671875,1000.1946889648437,bumpy,0.9999999385183779
DeploymentData,997.69170703125,1002.7077019042969,bumpy,0.9999986725995669
DeploymentData,1000.2047409667969,1005.2207016601562,bumpy,0.9999998080727631
DeploymentData,1002.71775390625,1007.7336936035156,bumpy,0.9999999953151011
DeploymentData,1005.2307536621094,1010.2466728515625,bumpy,0.999999961022627
DeploymentData,1007.7437458496094,1012.7596416015625,bumpy,0.999999999944048
DeploymentData,1010.256724609375,1015.2726010742188,bumpy,0.9999905518740775
DeploymentData,1012.7696926269531,1017.7855473632812,bumpy,0.9999999910104059
DeploymentData,1015.2826530761719,1020.2984846191406,bumpy,0.9998208396321759
DeploymentData,1017.7955986328125,1022.8114150390625,smooth,8.873741974557703e-08
