recording_id,participant_id,class,source_recording,source_folder,device,sensor,relative_path,n_samples,units_xyz
R001,P01,bumpy,R001,bumpy/P01/R001,iPhone 17 Pro,Accelerometer,P01/R001/Accelerometer.csv,4170,m/s²
R001,P01,bumpy,R001,bumpy/P01/R001,iPhone 17 Pro,Gyroscope,P01/R001/Gyroscope.csv,4170,rad/s
R001,P01,bumpy,R001,bumpy/P01/R001,iPhone 17 Pro,Gravity,P01/R001/Gravity.csv,4170,m/s²
R002,P01,bumpy,R002,bumpy/P01/R002,iPhone 17 Pro,Accelerometer,P01/R002/Accelerometer.csv,4268,m/s²
R002,P01,bumpy,R002,bumpy/P01/R002,iPhone 17 Pro,Gyroscope,P01/R002/Gyroscope.csv,4268,rad/s
R002,P01,bumpy,R002,bumpy/P01/R002,iPhone 17 Pro,Gravity,P01/R002/Gravity.csv,4268,m/s²
R003,P01,bumpy,R003,bumpy/P01/R003,iPhone 17 Pro,Accelerometer,P01/R003/Accelerometer.csv,5098,m/s²
R003,P01,bumpy,R003,bumpy/P01/R003,iPhone 17 Pro,Gyroscope,P01/R003/Gyroscope.csv,5098,rad/s
R003,P01,bumpy,R003,bumpy/P01/R003,iPhone 17 Pro,Gravity,P01/R003/Gravity.csv,5098,m/s²
R004,P01,bumpy,R004,bumpy/P01/R004,iPhone 17 Pro,Accelerometer,P01/R004/Accelerometer.csv,3855,m/s²
R004,P01,bumpy,R004,bumpy/P01/R004,iPhone 17 Pro,Gyroscope,P01/R004/Gyroscope.csv,3855,rad/s
R004,P01,bumpy,R004,bumpy/P01/R004,iPhone 17 Pro,Gravity,P01/R004/Gravity.csv,3855,m/s²
R005,P01,bumpy,R005,bumpy/P01/R005,iPhone 17 Pro,Accelerometer,P01/R005/Accelerometer.csv,4268,m/s²
R005,P01,bumpy,R005,bumpy/P01/R005,iPhone 17 Pro,Gyroscope,P01/R005/Gyroscope.csv,4268,rad/s
R005,P01,bumpy,R005,bumpy/P01/R005,iPhone 17 Pro,Gravity,P01/R005/Gravity.csv,4268,m/s²
R006,P01,bumpy,R006,bumpy/P01/R006,iPhone 17 Pro,Accelerometer,P01/R006/Accelerometer.csv,5610,m/s²
R006,P01,bumpy,R006,bumpy/P01/R006,iPhone 17 Pro,Gyroscope,P01/R006/Gyroscope.csv,5610,rad/s
R006,P01,bumpy,R006,bumpy/P01/R006,iPhone 17 Pro,Gravity,P01/R006/Gravity.csv,5610,m/s²
R007,P01,bumpy,R007,bumpy/P01/R007,iPhone 17 Pro,Accelerometer,P01/R007/Accelerometer.csv,4584,m/s²
R007,P01,bumpy,R007,bumpy/P01/R007,iPhone 17 Pro,Gyroscope,P01/R007/Gyroscope.csv,4584,rad/s
R007,P01,bumpy,R007,bumpy/P01/R007,iPhone 17 Pro,Gravity,P01/R007/Gravity.csv,4584,m/s²
R008,P01,bumpy,R008,bumpy/P01/R008,iPhone 17 Pro,Accelerometer,P01/R008/Accelerometer.csv,3229,m/s²
R008,P01,bumpy,R008,bumpy/P01/R008,iPhone 17 Pro,Gyroscope,P01/R008/Gyroscope.csv,3229,rad/s
R008,P01,bumpy,R008,bumpy/P01/R008,iPhone 17 Pro,Gravity,P01/R008/Gravity.csv,3229,m/s²
R009,P01,bumpy,R009,bumpy/P01/R009,iPhone 17 Pro,Accelerometer,P01/R009/Accelerometer.csv,5303,m/s²
R009,P01,bumpy,R009,bumpy/P01/R009,iPhone 17 Pro,Gyroscope,P01/R009/Gyroscope.csv,5303,rad/s
R009,P01,bumpy,R009,bumpy/P01/R009,iPhone 17 Pro,Gravity,P01/R009/Gravity.csv,5303,m/s²
R010,P01,bumpy,R010,bumpy/P01/R010,iPhone 17 Pro,Accelerometer,P01/R010/Accelerometer.csv,4873,m/s²
R010,P01,bumpy,R010,bumpy/P01/R010,iPhone 17 Pro,Gyroscope,P01/R010/Gyroscope.csv,4873,rad/s
R010,P01,bumpy,R010,bumpy/P01/R010,iPhone 17 Pro,Gravity,P01/R010/Gravity.csv,4873,m/s²
R011,P01,bumpy,R011,bumpy/P01/R011,iPhone 17 Pro,Accelerometer,P01/R011/Accelerometer.csv,3750,m/s²
R011,P01,bumpy,R011,bumpy/P01/R011,iPhone 17 Pro,Gyroscope,P01/R011/Gyroscope.csv,3750,rad/s
R011,P01,bumpy,R011,bumpy/P01/R011,iPhone 17 Pro,Gravity,P01/R011/Gravity.csv,3750,m/s²
R012,P01,bumpy,R012,bumpy/P01/R012,iPhone 17 Pro,Accelerometer,P01/R012/Accelerometer.csv,4475,m/s²
R012,P01,bumpy,R012,bumpy/P01/R012,iPhone 17 Pro,Gyroscope,P01/R012/Gyroscope.csv,4475,rad/s
R012,P01,bumpy,R012,bumpy/P01/R012,iPhone 17 Pro,Gravity,P01/R012/Gravity.csv,4475,m/s²
R013,P02,smooth,R013,smooth/P02/R013,iPhone 13 Pro,Accelerometer,P02/R013/Accelerometer.csv,5209,m/s²
R013,P02,smooth,R013,smooth/P02/R013,iPhone 13 Pro,Gyroscope,P02/R013/Gyroscope.csv,5209,rad/s
R013,P02,smooth,R013,smooth/P02/R013,iPhone 13 Pro,Gravity,P02/R013/Gravity.csv,5209,m/s²
R014,P02,smooth,R014,smooth/P02/R014,iPhone 13 Pro,Accelerometer,P02/R014/Accelerometer.csv,5189,m/s²
R014,P02,smooth,R014,smooth/P02/R014,iPhone 13 Pro,Gyroscope,P02/R014/Gyroscope.csv,5189,rad/s
R014,P02,smooth,R014,smooth/P02/R014,iPhone 13 Pro,Gravity,P02/R014/Gravity.csv,5189,m/s²
R015,P02,smooth,R015,smooth/P02/R015,iPhone 13 Pro,Accelerometer,P02/R015/Accelerometer.csv,4462,m/s²
R015,P02,smooth,R015,smooth/P02/R015,iPhone 13 Pro,Gyroscope,P02/R015/Gyroscope.csv,4462,rad/s
R015,P02,smooth,R015,smooth/P02/R015,iPhone 13 Pro,Gravity,P02/R015/Gravity.csv,4462,m/s²
R016,P02,smooth,R016,smooth/P02/R016,iPhone 13 Pro,Accelerometer,P02/R016/Accelerometer.csv,5057,m/s²
R016,P02,smooth,R016,smooth/P02/R016,iPhone 13 Pro,Gyroscope,P02/R016/Gyroscope.csv,5057,rad/s
R016,P02,smooth,R016,smooth/P02/R016,iPhone 13 Pro,Gravity,P02/R016/Gravity.csv,5057,m/s²
R017,P02,smooth,R017,smooth/P02/R017,iPhone 13 Pro,Accelerometer,P02/R017/Accelerometer.csv,4121,m/s²
R017,P02,smooth,R017,smooth/P02/R017,iPhone 13 Pro,Gyroscope,P02/R017/Gyroscope.csv,4121,rad/s
R017,P02,smooth,R017,smooth/P02/R017,iPhone 13 Pro,Gravity,P02/R017/Gravity.csv,4121,m/s²
R018,P02,smooth,R018,smooth/P02/R018,iPhone 13 Pro,Accelerometer,P02/R018/Accelerometer.csv,4592,m/s²
R018,P02,smooth,R018,smooth/P02/R018,iPhone 13 Pro,Gyroscope,P02/R018/Gyroscope.csv,4592,rad/s
R018,P02,smooth,R018,smooth/P02/R018,iPhone 13 Pro,Gravity,P02/R018/Gravity.csv,4592,m/s²
R019,P02,smooth,R019,smooth/P02/R019,iPhone 13 Pro,Accelerometer,P02/R019/Accelerometer.csv,5065,m/s²
R019,P02,smooth,R019,smooth/P02/R019,iPhone 13 Pro,Gyroscope,P02/R019/Gyroscope.csv,5065,rad/s
R019,P02,smooth,R019,smooth/P02/R019,iPhone 13 Pro,Gravity,P02/R019/Gravity.csv,5065,m/s²
R020,P02,smooth,R020,smooth/P02/R020,iPhone 13 Pro,Accelerometer,P02/R020/Accelerometer.csv,4862,m/s²
R020,P02,smooth,R020,smooth/P02/R020,iPhone 13 Pro,Gyroscope,P02/R020/Gyroscope.csv,4863,rad/s
R020,P02,smooth,R020,smooth/P02/R020,iPhone 13 Pro,Gravity,P02/R020/Gravity.csv,4863,m/s²
R021,P02,smooth,R021,smooth/P02/R021,iPhone 13 Pro,Accelerometer,P02/R021/Accelerometer.csv,4966,m/s²
R021,P02,smooth,R021,smooth/P02/R021,iPhone 13 Pro,Gyroscope,P02/R021/Gyroscope.csv,4966,rad/s
R021,P02,smooth,R021,smooth/P02/R021,iPhone 13 Pro,Gravity,P02/R021/Gravity.csv,4966,m/s²
R022,P02,smooth,R022,smooth/P02/R022,iPhone 13 Pro,Accelerometer,P02/R022/Accelerometer.csv,5121,m/s²
R022,P02,smooth,R022,smooth/P02/R022,iPhone 13 Pro,Gyroscope,P02/R022/Gyroscope.csv,5121,rad/s
R022,P02,smooth,R022,smooth/P02/R022,iPhone 13 Pro,Gravity,P02/R022/Gravity.csv,5121,m/s²
R023,P02,smooth,R023,smooth/P02/R023,iPhone 13 Pro,Accelerometer,P02/R023/Accelerometer.csv,4949,m/s²
R023,P02,smooth,R023,smooth/P02/R023,iPhone 13 Pro,Gyroscope,P02/R023/Gyroscope.csv,4949,rad/s
R023,P02,smooth,R023,smooth/P02/R023,iPhone 13 Pro,Gravity,P02/R023/Gravity.csv,4949,m/s²
R024,P02,smooth,R024,smooth/P02/R024,iPhone 13 Pro,Accelerometer,P02/R024/Accelerometer.csv,4784,m/s²
R024,P02,smooth,R024,smooth/P02/R024,iPhone 13 Pro,Gyroscope,P02/R024/Gyroscope.csv,4784,rad/s
R024,P02,smooth,R024,smooth/P02/R024,iPhone 13 Pro,Gravity,P02/R024/Gravity.csv,4784,m/s²
R025,P01,smooth,R025,smooth/P01/R025,iPhone 17 Pro,Accelerometer,P01/R025/Accelerometer.csv,4993,m/s²
R025,P01,smooth,R025,smooth/P01/R025,iPhone 17 Pro,Gyroscope,P01/R025/Gyroscope.csv,4993,rad/s
R025,P01,smooth,R025,smooth/P01/R025,iPhone 17 Pro,Gravity,P01/R025/Gravity.csv,4993,m/s²
R026,P01,smooth,R026,smooth/P01/R026,iPhone 17 Pro,Accelerometer,P01/R026/Accelerometer.csv,4998,m/s²
R026,P01,smooth,R026,smooth/P01/R026,iPhone 17 Pro,Gyroscope,P01/R026/Gyroscope.csv,4998,rad/s
R026,P01,smooth,R026,smooth/P01/R026,iPhone 17 Pro,Gravity,P01/R026/Gravity.csv,4998,m/s²
R027,P01,smooth,R027,smooth/P01/R027,iPhone 17 Pro,Accelerometer,P01/R027/Accelerometer.csv,4169,m/s²
R027,P01,smooth,R027,smooth/P01/R027,iPhone 17 Pro,Gyroscope,P01/R027/Gyroscope.csv,4169,rad/s
R027,P01,smooth,R027,smooth/P01/R027,iPhone 17 Pro,Gravity,P01/R027/Gravity.csv,4169,m/s²
R028,P01,smooth,R028,smooth/P01/R028,iPhone 17 Pro,Accelerometer,P01/R028/Accelerometer.csv,3750,m/s²
R028,P01,smooth,R028,smooth/P01/R028,iPhone 17 Pro,Gyroscope,P01/R028/Gyroscope.csv,3750,rad/s
R028,P01,smooth,R028,smooth/P01/R028,iPhone 17 Pro,Gravity,P01/R028/Gravity.csv,3750,m/s²
R029,P01,smooth,R029,smooth/P01/R029,iPhone 17 Pro,Accelerometer,P01/R029/Accelerometer.csv,4790,m/s²
R029,P01,smooth,R029,smooth/P01/R029,iPhone 17 Pro,Gyroscope,P01/R029/Gyroscope.csv,4790,rad/s
R029,P01,smooth,R029,smooth/P01/R029,iPhone 17 Pro,Gravity,P01/R029/Gravity.csv,4790,m/s²
R030,P01,smooth,R030,smooth/P01/R030,iPhone 17 Pro,Accelerometer,P01/R030/Accelerometer.csv,4215,m/s²
R030,P01,smooth,R030,smooth/P01/R030,iPhone 17 Pro,Gyroscope,P01/R030/Gyroscope.csv,4215,rad/s
R030,P01,smooth,R030,smooth/P01/R030,iPhone 17 Pro,Gravity,P01/R030/Gravity.csv,4215,m/s²
R031,P01,smooth,R031,smooth/P01/R031,iPhone 17 Pro,Accelerometer,P01/R031/Accelerometer.csv,3761,m/s²
R031,P01,smooth,R031,smooth/P01/R031,iPhone 17 Pro,Gyroscope,P01/R031/Gyroscope.csv,3761,rad/s
R031,P01,smooth,R031,smooth/P01/R031,iPhone 17 Pro,Gravity,P01/R031/Gravity.csv,3761,m/s²
R032,P02,bumpy,R032,bumpy/P02/R032,iPhone 13 Pro,Accelerometer,P02/R032/Accelerometer.csv,4512,m/s²
R032,P02,bumpy,R032,bumpy/P02/R032,iPhone 13 Pro,Gyroscope,P02/R032/Gyroscope.csv,4512,rad/s
R032,P02,bumpy,R032,bumpy/P02/R032,iPhone 13 Pro,Gravity,P02/R032/Gravity.csv,4512,m/s²
R033,P02,bumpy,R033,bumpy/P02/R033,iPhone 13 Pro,Accelerometer,P02/R033/Accelerometer.csv,4677,m/s²
R033,P02,bumpy,R033,bumpy/P02/R033,iPhone 13 Pro,Gyroscope,P02/R033/Gyroscope.csv,4677,rad/s
R033,P02,bumpy,R033,bumpy/P02/R033,iPhone 13 Pro,Gravity,P02/R033/Gravity.csv,4677,m/s²
R034,P02,bumpy,R034,bumpy/P02/R034,iPhone 13 Pro,Accelerometer,P02/R034/Accelerometer.csv,5278,m/s²
R034,P02,bumpy,R034,bumpy/P02/R034,iPhone 13 Pro,Gyroscope,P02/R034/Gyroscope.csv,5278,rad/s
R034,P02,bumpy,R034,bumpy/P02/R034,iPhone 13 Pro,Gravity,P02/R034/Gravity.csv,5278,m/s²
R035,P02,bumpy,R035,bumpy/P02/R035,iPhone 13 Pro,Accelerometer,P02/R035/Accelerometer.csv,5350,m/s²
R035,P02,bumpy,R035,bumpy/P02/R035,iPhone 13 Pro,Gyroscope,P02/R035/Gyroscope.csv,5350,rad/s
R035,P02,bumpy,R035,bumpy/P02/R035,iPhone 13 Pro,Gravity,P02/R035/Gravity.csv,5350,m/s²
R036,P02,bumpy,R036,bumpy/P02/R036,iPhone 13 Pro,Accelerometer,P02/R036/Accelerometer.csv,5432,m/s²
R036,P02,bumpy,R036,bumpy/P02/R036,iPhone 13 Pro,Gyroscope,P02/R036/Gyroscope.csv,5432,rad/s
R036,P02,bumpy,R036,bumpy/P02/R036,iPhone 13 Pro,Gravity,P02/R036/Gravity.csv,5432,m/s²
R037,P02,bumpy,R037,bumpy/P02/R037,iPhone 13 Pro,Accelerometer,P02/R037/Accelerometer.csv,4983,m/s²
R037,P02,bumpy,R037,bumpy/P02/R037,iPhone 13 Pro,Gyroscope,P02/R037/Gyroscope.csv,4983,rad/s
R037,P02,bumpy,R037,bumpy/P02/R037,iPhone 13 Pro,Gravity,P02/R037/Gravity.csv,4983,m/s²
R038,P02,bumpy,R038,bumpy/P02/R038,iPhone 13 Pro,Accelerometer,P02/R038/Accelerometer.csv,5136,m/s²
R038,P02,bumpy,R038,bumpy/P02/R038,iPhone 13 Pro,Gyroscope,P02/R038/Gyroscope.csv,5136,rad/s
R038,P02,bumpy,R038,bumpy/P02/R038,iPhone 13 Pro,Gravity,P02/R038/Gravity.csv,5136,m/s²
R039,P02,bumpy,R039,bumpy/P02/R039,iPhone 13 Pro,Accelerometer,P02/R039/Accelerometer.csv,4802,m/s²
R039,P02,bumpy,R039,bumpy/P02/R039,iPhone 13 Pro,Gyroscope,P02/R039/Gyroscope.csv,4802,rad/s
R039,P02,bumpy,R039,bumpy/P02/R039,iPhone 13 Pro,Gravity,P02/R039/Gravity.csv,4802,m/s²
R040,P02,bumpy,R040,bumpy/P02/R040,iPhone 13 Pro,Accelerometer,P02/R040/Accelerometer.csv,4883,m/s²
R040,P02,bumpy,R040,bumpy/P02/R040,iPhone 13 Pro,Gyroscope,P02/R040/Gyroscope.csv,4883,rad/s
R040,P02,bumpy,R040,bumpy/P02/R040,iPhone 13 Pro,Gravity,P02/R040/Gravity.csv,4883,m/s²
R041,P02,bumpy,R041,bumpy/P02/R041,iPhone 13 Pro,Accelerometer,P02/R041/Accelerometer.csv,4777,m/s²
R041,P02,bumpy,R041,bumpy/P02/R041,iPhone 13 Pro,Gyroscope,P02/R041/Gyroscope.csv,4777,rad/s
R041,P02,bumpy,R041,bumpy/P02/R041,iPhone 13 Pro,Gravity,P02/R041/Gravity.csv,4777,m/s²
