recording_id,sensor,schema_ok,n_samples,start_s,end_s,duration_s,sampling_rate_hz,min_interval_s,max_interval_s,largest_gap_over_median,missing_values,infinite_values,duplicate_rows,duplicate_timestamps,non_positive_intervals,non_positive_epoch_intervals,clock_interval_difference_max_s,integer_timestamp,participant_id,class
R001,Accelerometer,True,4170,0.04536962890625,41.76553173828125,41.720162109374996,99.93168732308945,0.010005126953128496,0.011883056640620282,1.1874939006530276,0,0,0,0,0,0,4.082031265350422e-07,True,P01,bumpy
R001,Gyroscope,True,4170,0.04536962890625,41.76553173828125,41.720162109374996,99.93168732308945,0.010005126953128496,0.011883056640620282,1.1874939006530276,0,0,0,0,0,0,4.082031265350422e-07,True,P01,bumpy
R001,Gravity,True,4170,0.04536962890625,41.76553173828125,41.720162109374996,99.93168732308945,0.010005126953128496,0.011883056640620282,1.1874939006530276,0,0,0,0,0,0,4.082031265350422e-07,True,P01,bumpy
R002,Accelerometer,True,4268,0.04540185546875,42.74320654296875,42.6978046875,99.93900207392807,0.010005126953124943,0.010632324218754263,1.062583872148758,0,0,0,0,0,0,4.082031265350422e-07,True,P01,bumpy
R002,Gyroscope,True,4268,0.04540185546875,42.74320654296875,42.6978046875,99.93900207392807,0.010005126953124943,0.010632324218754263,1.062583872148758,0,0,0,0,0,0,4.082031265350422e-07,True,P01,bumpy
R002,Gravity,True,4268,0.04540185546875,42.74320654296875,42.6978046875,99.93900207392807,0.010005126953124943,0.010632324218754263,1.062583872148758,0,0,0,0,0,0,4.082031265350422e-07,True,P01,bumpy
R003,Accelerometer,True,5098,0.044745361328125,51.04777099609375,51.00302563476563,99.93900207392807,0.010005126953124943,0.010631103515628126,1.0624618762965032,0,0,0,0,0,0,4.082031265350422e-07,True,P01,bumpy
R003,Gyroscope,True,5098,0.044745361328125,51.04777099609375,51.00302563476563,99.93900207392807,0.010005126953124943,0.010631103515628126,1.0624618762965032,0,0,0,0,0,0,4.082031265350422e-07,True,P01,bumpy
R003,Gravity,True,5098,0.044745361328125,51.04777099609375,51.00302563476563,99.93900207392807,0.010005126953124943,0.010631103515628126,1.0624618762965032,0,0,0,0,0,0,4.082031265350422e-07,True,P01,bumpy
R004,Accelerometer,True,3855,0.048792724609375,38.61515991210938,38.5663671875,99.93900207392807,0.010005126953124943,0.011883056640627387,1.1875808222522652,0,0,0,0,0,0,4.082031265350422e-07,True,P01,bumpy
R004,Gyroscope,True,3855,0.048792724609375,38.61515991210938,38.5663671875,99.93900207392807,0.010005126953124943,0.011883056640627387,1.1875808222522652,0,0,0,0,0,0,4.082031265350422e-07,True,P01,bumpy
R004,Gravity,True,3855,0.048792724609375,38.61515991210938,38.5663671875,99.93900207392807,0.010005126953124943,0.011883056640627387,1.1875808222522652,0,0,0,0,0,0,4.082031265350422e-07,True,P01,bumpy
R005,Accelerometer,True,4268,0.033987060546875,42.73163403320312,42.697646972656244,99.93900207392807,0.010005126953124943,0.010631103515621021,1.0624618762957931,0,0,0,0,0,0,4.082031265350422e-07,True,P01,bumpy
R005,Gyroscope,True,4268,0.033987060546875,42.73163403320312,42.697646972656244,99.93900207392807,0.010005126953124943,0.010631103515621021,1.0624618762957931,0,0,0,0,0,0,4.082031265350422e-07,True,P01,bumpy
R005,Gravity,True,4268,0.033987060546875,42.73163403320312,42.697646972656244,99.93900207392807,0.010005126953124943,0.010631103515621021,1.0624618762957931,0,0,0,0,0,0,4.082031265350422e-07,True,P01,bumpy
R006,Accelerometer,True,5610,0.046054443359375,56.172001708984375,56.125947265625,99.93900207392807,0.010005126953124943,0.010631591796872897,1.0625106746368371,0,0,0,0,0,0,4.082031265350422e-07,True,P01,bumpy
R006,Gyroscope,True,5610,0.046054443359375,56.172001708984375,56.125947265625,99.93900207392807,0.010005126953124943,0.010631591796872897,1.0625106746368371,0,0,0,0,0,0,4.082031265350422e-07,True,P01,bumpy
R006,Gravity,True,5610,0.046054443359375,56.172001708984375,56.125947265625,99.93900207392807,0.010005126953124943,0.010631591796872897,1.0625106746368371,0,0,0,0,0,0,4.082031265350422e-07,True,P01,bumpy
R007,Accelerometer,True,4584,0.053822998046875,45.91383520507812,45.86001220703125,99.93900207392807,0.010005126953124943,0.010632080078124773,1.062559472977881,0,0,0,0,0,0,4.082031265350422e-07,True,P01,bumpy
R007,Gyroscope,True,4584,0.053822998046875,45.91383520507812,45.86001220703125,99.93900207392807,0.010005126953124943,0.010632080078124773,1.062559472977881,0,0,0,0,0,0,4.082031265350422e-07,True,P01,bumpy
R007,Gravity,True,4584,0.053822998046875,45.91383520507812,45.86001220703125,99.93900207392807,0.010005126953124943,0.010632080078124773,1.062559472977881,0,0,0,0,0,0,4.082031265350422e-07,True,P01,bumpy
R008,Accelerometer,True,3229,0.081974609375,32.38574609375,32.303771484375,99.92924931079173,0.010005615234373266,0.010633056640624972,1.0625533679767825,0,0,0,0,0,0,4.082031265350422e-07,True,P01,bumpy
R008,Gyroscope,True,3229,0.081974609375,32.38574609375,32.303771484375,99.92924931079173,0.010005615234373266,0.010633056640624972,1.0625533679767825,0,0,0,0,0,0,4.082031265350422e-07,True,P01,bumpy
R008,Gravity,True,3229,0.081974609375,32.38574609375,32.303771484375,99.92924931079173,0.010005615234373266,0.010633056640624972,1.0625533679767825,0,0,0,0,0,0,4.082031265350422e-07,True,P01,bumpy
R009,Accelerometer,True,5303,0.037502197265625,53.09446337890625,53.056961181640624,99.93168732312492,0.010004882812502558,0.01188183593750125,1.187371913731044,0,0,0,0,0,0,4.082031265350422e-07,True,P01,bumpy
R009,Gyroscope,True,5303,0.037502197265625,53.09446337890625,53.056961181640624,99.93168732312492,0.010004882812502558,0.01188183593750125,1.187371913731044,0,0,0,0,0,0,4.082031265350422e-07,True,P01,bumpy
R009,Gravity,True,5303,0.037502197265625,53.09446337890625,53.056961181640624,99.93168732312492,0.010004882812502558,0.01188183593750125,1.187371913731044,0,0,0,0,0,0,4.082031265350422e-07,True,P01,bumpy
R010,Accelerometer,True,4873,0.036549560546875,48.79020776367187,48.753658203125,99.93412545440997,0.010005126953132049,0.011883056640627387,1.1875228731063168,0,0,0,0,0,0,4.082031265350422e-07,True,P01,bumpy
R010,Gyroscope,True,4873,0.036549560546875,48.79020776367187,48.753658203125,99.93412545440997,0.010005126953132049,0.011883056640627387,1.1875228731063168,0,0,0,0,0,0,4.082031265350422e-07,True,P01,bumpy
R010,Gravity,True,4873,0.036549560546875,48.79020776367187,48.753658203125,99.93412545440997,0.010005126953132049,0.011883056640627387,1.1875228731063168,0,0,0,0,0,0,4.082031265350422e-07,True,P01,bumpy
R011,Accelerometer,True,3750,0.054333251953125,37.570392822265624,37.5160595703125,99.93900207392807,0.010004882812499005,0.011883056640627387,1.1875808222522652,0,0,0,0,0,0,4.082031265350422e-07,True,P01,bumpy
R011,Gyroscope,True,3750,0.054333251953125,37.570392822265624,37.5160595703125,99.93900207392807,0.010004882812499005,0.011883056640627387,1.1875808222522652,0,0,0,0,0,0,4.082031265350422e-07,True,P01,bumpy
R011,Gravity,True,3750,0.054333251953125,37.570392822265624,37.5160595703125,99.93900207392807,0.010004882812499005,0.011883056640627387,1.1875808222522652,0,0,0,0,0,0,4.082031265350422e-07,True,P01,bumpy
R012,Accelerometer,True,4475,0.040574951171875,44.81286645507812,44.772291503906246,99.93168732308945,0.010005371093747328,0.011883056640620282,1.1874939006530276,0,0,0,0,0,0,4.082031265350422e-07,True,P01,bumpy
R012,Gyroscope,True,4475,0.040574951171875,44.81286645507812,44.772291503906246,99.93168732308945,0.010005371093747328,0.011883056640620282,1.1874939006530276,0,0,0,0,0,0,4.082031265350422e-07,True,P01,bumpy
R012,Gravity,True,4475,0.040574951171875,44.81286645507812,44.772291503906246,99.93168732308945,0.010005371093747328,0.011883056640620282,1.1874939006530276,0,0,0,0,0,0,4.082031265350422e-07,True,P01,bumpy
R013,Accelerometer,True,5209,0.091088623046875,52.38585986328125,52.294771240234375,99.59151915969949,0.010038818359376478,0.010043212890622044,1.000218829021326,0,0,0,0,0,0,3.1562500281412387e-07,True,P02,smooth
R013,Gyroscope,True,5209,0.091088623046875,52.38585986328125,52.294771240234375,99.59151915969949,0.010038818359376478,0.010043212890622044,1.000218829021326,0,0,0,0,0,0,3.1562500281412387e-07,True,P02,smooth
R013,Gravity,True,5209,0.091088623046875,52.38585986328125,52.294771240234375,99.59151915969949,0.010038818359376478,0.010043212890622044,1.000218829021326,0,0,0,0,0,0,3.1562500281412387e-07,True,P02,smooth
R014,Accelerometer,True,5189,0.05798681640625,52.15054223632813,52.09255541992188,99.59151915970389,0.010039550781250739,0.010042480468751336,1.0001458860146006,0,0,0,0,0,0,3.3906250261443727e-07,True,P02,smooth
R014,Gyroscope,True,5189,0.05798681640625,52.15054223632813,52.09255541992188,99.59151915970389,0.010039550781250739,0.010042480468751336,1.0001458860146006,0,0,0,0,0,0,3.3906250261443727e-07,True,P02,smooth
R014,Gravity,True,5189,0.05798681640625,52.15054223632813,52.09255541992188,99.59151915970389,0.010039550781250739,0.010042480468751336,1.0001458860146006,0,0,0,0,0,0,3.3906250261443727e-07,True,P02,smooth
R015,Accelerometer,True,4462,0.058109619140625,44.85419970703125,44.796090087890626,99.58183409514902,0.010040283203125,0.010042968749999659,1.0000972478852321,0,0,0,0,0,0,3.1562500281412387e-07,True,P02,smooth
R015,Gyroscope,True,4462,0.058109619140625,44.85419970703125,44.796090087890626,99.58183409514902,0.010040283203125,0.010042968749999659,1.0000972478852321,0,0,0,0,0,0,3.1562500281412387e-07,True,P02,smooth
R015,Gravity,True,4462,0.058109619140625,44.85419970703125,44.796090087890626,99.58183409514902,0.010040283203125,0.010042968749999659,1.0000972478852321,0,0,0,0,0,0,3.1562500281412387e-07,True,P02,smooth
R016,Accelerometer,True,5057,0.06069775390625,50.83090698242187,50.770209228515625,99.58425518466856,0.010039794921873124,0.010043701171881025,1.0001945004991548,0,0,0,0,0,0,3.1562500636683755e-07,True,P02,smooth
R016,Gyroscope,True,5057,0.06069775390625,50.83090698242187,50.770209228515625,99.58425518466856,0.010039794921873124,0.010043701171881025,1.0001945004991548,0,0,0,0,0,0,3.1562500636683755e-07,True,P02,smooth
R016,Gravity,True,5057,0.06069775390625,50.83090698242187,50.770209228515625,99.58425518466856,0.010039794921873124,0.010043701171881025,1.0001945004991548,0,0,0,0,0,0,3.1562500636683755e-07,True,P02,smooth
R017,Accelerometer,True,4121,0.06185693359375,41.43247241210938,41.370615478515624,99.58909771693962,0.010040039062499062,0.01004321289062493,1.0001945099564737,0,0,0,0,0,0,3.1562500636683755e-07,True,P02,smooth
R017,Gyroscope,True,4121,0.06185693359375,41.43247241210938,41.370615478515624,99.58909771693962,0.010040039062499062,0.01004321289062493,1.0001945099564737,0,0,0,0,0,0,3.1562500636683755e-07,True,P02,smooth
R017,Gravity,True,4121,0.06185693359375,41.43247241210938,41.370615478515624,99.58909771693962,0.010040039062499062,0.01004321289062493,1.0001945099564737,0,0,0,0,0,0,3.1562500636683755e-07,True,P02,smooth
R018,Accelerometer,True,4592,0.06042578125,46.1624365234375,46.1020107421875,99.58183409511379,0.01004052734375449,0.010042968749999992,1.0000972478849115,0,0,0,0,0,0,3.1562500281412387e-07,True,P02,smooth
R018,Gyroscope,True,4592,0.06042578125,46.1624365234375,46.1020107421875,99.58183409511379,0.01004052734375449,0.010042968749999992,1.0000972478849115,0,0,0,0,0,0,3.1562500281412387e-07,True,P02,smooth
R018,Gravity,True,4592,0.06042578125,46.1624365234375,46.1020107421875,99.58183409511379,0.01004052734375449,0.010042968749999992,1.0000972478849115,0,0,0,0,0,0,3.1562500281412387e-07,True,P02,smooth
R019,Accelerometer,True,5065,0.0587431640625,50.90946264648438,50.85071948242188,99.58425518465096,0.010040527343747385,0.010043212890622044,1.0001458753734815,0,0,0,0,0,0,3.1562500636683755e-07,True,P02,smooth
R019,Gyroscope,True,5065,0.0587431640625,50.90946264648438,50.85071948242188,99.58425518465096,0.010040527343747385,0.010043212890622044,1.0001458753734815,0,0,0,0,0,0,3.1562500636683755e-07,True,P02,smooth
R019,Gravity,True,5065,0.0587431640625,50.90946264648438,50.85071948242188,99.58425518465096,0.010040527343747385,0.010043212890622044,1.0001458753734815,0,0,0,0,0,0,3.1562500636683755e-07,True,P02,smooth
R020,Accelerometer,True,4862,0.060029052734375,48.87196118164063,48.81193212890626,99.58425518466856,0.010040283203125,0.010042968750000547,1.0001215628117064,0,0,0,0,0,0,3.1562500281412387e-07,True,P02,smooth
R020,Gyroscope,True,4863,0.060029052734375,48.88200219726563,48.821973144531256,99.58425518466856,0.010040283203125,0.010042968750000547,1.0001215628117064,0,0,0,0,0,0,3.1562500281412387e-07,True,P02,smooth
R020,Gravity,True,4863,0.060029052734375,48.88200219726563,48.821973144531256,99.58425518466856,0.010040283203125,0.010042968750000547,1.0001215628117064,0,0,0,0,0,0,3.1562500281412387e-07,True,P02,smooth
R021,Accelerometer,True,4966,0.05779736328125,49.9137275390625,49.855930175781246,99.58909771693742,0.01004003906249995,0.010042968749999659,1.0001701962118648,0,0,0,0,0,0,3.1562500281412387e-07,True,P02,smooth
R021,Gyroscope,True,4966,0.05779736328125,49.9137275390625,49.855930175781246,99.58909771693742,0.01004003906249995,0.010042968749999659,1.0001701962118648,0,0,0,0,0,0,3.1562500281412387e-07,True,P02,smooth
R021,Gravity,True,4966,0.05779736328125,49.9137275390625,49.855930175781246,99.58909771693742,0.01004003906249995,0.010042968749999659,1.0001701962118648,0,0,0,0,0,0,3.1562500281412387e-07,True,P02,smooth
R022,Accelerometer,True,5121,0.05981103515625,51.47202172851563,51.41221069335938,99.58909771693742,0.010039794921873124,0.010043212890622044,1.0001945099561642,0,0,0,0,0,0,3.1562500636683755e-07,True,P02,smooth
R022,Gyroscope,True,5121,0.05981103515625,51.47202172851563,51.41221069335938,99.58909771693742,0.010039794921873124,0.010043212890622044,1.0001945099561642,0,0,0,0,0,0,3.1562500636683755e-07,True,P02,smooth
R022,Gravity,True,5121,0.05981103515625,51.47202172851563,51.41221069335938,99.58909771693742,0.010039794921873124,0.010043212890622044,1.0001945099561642,0,0,0,0,0,0,3.1562500636683755e-07,True,P02,smooth
R023,Accelerometer,True,4949,0.064180908203125,49.751525390625,49.68734448242187,99.58183409511379,0.010040283203125,0.010043457031251535,1.0001458718274945,0,0,0,0,0,0,3.156250000385663e-07,True,P02,smooth
R023,Gyroscope,True,4949,0.064180908203125,49.751525390625,49.68734448242187,99.58183409511379,0.010040283203125,0.010043457031251535,1.0001458718274945,0,0,0,0,0,0,3.156250000385663e-07,True,P02,smooth
R023,Gravity,True,4949,0.064180908203125,49.751525390625,49.68734448242187,99.58183409511379,0.010040283203125,0.010043457031251535,1.0001458718274945,0,0,0,0,0,0,3.156250000385663e-07,True,P02,smooth
R024,Accelerometer,True,4784,0.0663310546875,48.09621240234375,48.02988134765625,99.58183409511379,0.010039794921873124,0.010042968750000547,1.0000972478849668,0,0,0,0,0,0,3.1562500281412387e-07,True,P02,smooth
R024,Gyroscope,True,4784,0.0663310546875,48.09621240234375,48.02988134765625,99.58183409511379,0.010039794921873124,0.010042968750000547,1.0000972478849668,0,0,0,0,0,0,3.1562500281412387e-07,True,P02,smooth
R024,Gravity,True,4784,0.0663310546875,48.09621240234375,48.02988134765625,99.58183409511379,0.010039794921873124,0.010042968750000547,1.0000972478849668,0,0,0,0,0,0,3.1562500281412387e-07,True,P02,smooth
R025,Accelerometer,True,4993,0.049026611328125,50.00305151367188,49.954024902343754,99.93900207389258,0.010005126953124943,0.011882080078123636,1.1874832255697558,0,0,0,0,0,0,4.082031265350422e-07,True,P01,smooth
R025,Gyroscope,True,4993,0.049026611328125,50.00305151367188,49.954024902343754,99.93900207389258,0.010005126953124943,0.011882080078123636,1.1874832255697558,0,0,0,0,0,0,4.082031265350422e-07,True,P01,smooth
R025,Gravity,True,4993,0.049026611328125,50.00305151367188,49.954024902343754,99.93900207389258,0.010005126953124943,0.011882080078123636,1.1874832255697558,0,0,0,0,0,0,4.082031265350422e-07,True,P01,smooth
R026,Accelerometer,True,4998,0.04356201171875,50.046099609375,50.00253759765625,99.93900207389258,0.010005126953124943,0.010631103515628126,1.062461876296126,0,0,0,0,0,0,4.082031265350422e-07,True,P01,smooth
R026,Gyroscope,True,4998,0.04356201171875,50.046099609375,50.00253759765625,99.93900207389258,0.010005126953124943,0.010631103515628126,1.062461876296126,0,0,0,0,0,0,4.082031265350422e-07,True,P01,smooth
R026,Gravity,True,4998,0.04356201171875,50.046099609375,50.00253759765625,99.93900207389258,0.010005126953124943,0.010631103515628126,1.062461876296126,0,0,0,0,0,0,4.082031265350422e-07,True,P01,smooth
R027,Accelerometer,True,4169,0.046385009765625,41.75271752929687,41.70633251953125,99.93900207392807,0.010004882812500004,0.010632324218747158,1.0625838721480478,0,0,0,0,0,0,4.082031265350422e-07,True,P01,smooth
R027,Gyroscope,True,4169,0.046385009765625,41.75271752929687,41.70633251953125,99.93900207392807,0.010004882812500004,0.010632324218747158,1.0625838721480478,0,0,0,0,0,0,4.082031265350422e-07,True,P01,smooth
R027,Gravity,True,4169,0.046385009765625,41.75271752929687,41.70633251953125,99.93900207392807,0.010004882812500004,0.010632324218747158,1.0625838721480478,0,0,0,0,0,0,4.082031265350422e-07,True,P01,smooth
R028,Accelerometer,True,3750,0.050763671875,37.56536840820313,37.514604736328124,99.93900207392807,0.010005615234369714,0.010632080078124773,1.062559472977881,0,0,0,0,0,0,4.082031265350422e-07,True,P01,smooth
R028,Gyroscope,True,3750,0.050763671875,37.56536840820313,37.514604736328124,99.93900207392807,0.010005615234369714,0.010632080078124773,1.062559472977881,0,0,0,0,0,0,4.082031265350422e-07,True,P01,smooth
R028,Gravity,True,3750,0.050763671875,37.56536840820313,37.514604736328124,99.93900207392807,0.010005615234369714,0.010632080078124773,1.062559472977881,0,0,0,0,0,0,4.082031265350422e-07,True,P01,smooth
R029,Accelerometer,True,4790,0.038450927734375,47.96145263671875,47.92300170898437,99.9341254544277,0.010005126953124943,0.01125708007813131,1.124966452778513,0,0,0,0,0,0,4.082031265350422e-07,True,P01,smooth
R029,Gyroscope,True,4790,0.038450927734375,47.96145263671875,47.92300170898437,99.9341254544277,0.010005126953124943,0.01125708007813131,1.124966452778513,0,0,0,0,0,0,4.082031265350422e-07,True,P01,smooth
R029,Gravity,True,4790,0.038450927734375,47.96145263671875,47.92300170898437,99.9341254544277,0.010005126953124943,0.01125708007813131,1.124966452778513,0,0,0,0,0,0,4.082031265350422e-07,True,P01,smooth
R030,Accelerometer,True,4215,0.047832763671875,42.22344677734375,42.175614013671876,99.93900207392807,0.010004882812495453,0.013759033203124993,1.3750640478223537,0,0,0,0,0,0,4.082031265350422e-07,True,P01,smooth
R030,Gyroscope,True,4215,0.047832763671875,42.22344677734375,42.175614013671876,99.93900207392807,0.010004882812495453,0.013759033203124993,1.3750640478223537,0,0,0,0,0,0,4.082031265350422e-07,True,P01,smooth
R030,Gravity,True,4215,0.047832763671875,42.22344677734375,42.175614013671876,99.93900207392807,0.010004882812495453,0.013759033203124993,1.3750640478223537,0,0,0,0,0,0,4.082031265350422e-07,True,P01,smooth
R031,Accelerometer,True,3761,0.045381103515625,37.66963110351563,37.62425,99.93900207392807,0.010004882812502558,0.010630859374998636,1.0624374771256262,0,0,0,0,0,0,4.0820312475868537e-07,True,P01,smooth
R031,Gyroscope,True,3761,0.045381103515625,37.66963110351563,37.62425,99.93900207392807,0.010004882812502558,0.010630859374998636,1.0624374771256262,0,0,0,0,0,0,4.0820312475868537e-07,True,P01,smooth
R031,Gravity,True,3761,0.045381103515625,37.66963110351563,37.62425,99.93900207392807,0.010004882812502558,0.010630859374998636,1.0624374771256262,0,0,0,0,0,0,4.0820312475868537e-07,True,P01,smooth
R032,Accelerometer,True,4512,0.083189208984375,45.37438061523437,45.29119140625,99.60120610835571,0.010038574218746987,0.01004199218749946,1.0001945336056315,0,0,0,0,0,0,3.3906250261443727e-07,True,P02,bumpy
R032,Gyroscope,True,4512,0.083189208984375,45.37438061523437,45.29119140625,99.60120610835571,0.010038574218746987,0.01004199218749946,1.0001945336056315,0,0,0,0,0,0,3.3906250261443727e-07,True,P02,bumpy
R032,Gravity,True,4512,0.083189208984375,45.37438061523437,45.29119140625,99.60120610835571,0.010038574218746987,0.01004199218749946,1.0001945336056315,0,0,0,0,0,0,3.3906250261443727e-07,True,P02,bumpy
R033,Accelerometer,True,4677,0.062628173828125,47.007744873046875,46.94511669921875,99.60362813997132,0.010037841796872726,0.010040771484376876,1.000097269168302,0,0,0,0,0,0,4.257812494593005e-07,True,P02,bumpy
R033,Gyroscope,True,4677,0.062628173828125,47.007744873046875,46.94511669921875,99.60362813997132,0.010037841796872726,0.010040771484376876,1.000097269168302,0,0,0,0,0,0,4.257812494593005e-07,True,P02,bumpy
R033,Gravity,True,4677,0.062628173828125,47.007744873046875,46.94511669921875,99.60362813997132,0.010037841796872726,0.010040771484376876,1.000097269168302,0,0,0,0,0,0,4.257812494593005e-07,True,P02,bumpy
R034,Accelerometer,True,5278,0.063303466796875,53.041852783203126,52.97854931640625,99.60362813998894,0.010037109374998465,0.010041259765621646,1.000145903752011,0,0,0,0,0,0,4.257812530120142e-07,True,P02,bumpy
R034,Gyroscope,True,5278,0.063303466796875,53.041852783203126,52.97854931640625,99.60362813998894,0.010037109374998465,0.010041259765621646,1.000145903752011,0,0,0,0,0,0,4.257812530120142e-07,True,P02,bumpy
R034,Gravity,True,5278,0.063303466796875,53.041852783203126,52.97854931640625,99.60362813998894,0.010037109374998465,0.010041259765621646,1.000145903752011,0,0,0,0,0,0,4.257812530120142e-07,True,P02,bumpy
R035,Accelerometer,True,5350,0.06107421875,53.76309252929688,53.702018310546876,99.6036281399537,0.010038574218746987,0.010041503906251137,1.0001702210441308,0,0,0,0,0,0,4.257812530120142e-07,True,P02,bumpy
R035,Gyroscope,True,5350,0.06107421875,53.76309252929688,53.702018310546876,99.6036281399537,0.010038574218746987,0.010041503906251137,1.0001702210441308,0,0,0,0,0,0,4.257812530120142e-07,True,P02,bumpy
R035,Gravity,True,5350,0.06107421875,53.76309252929688,53.702018310546876,99.6036281399537,0.010038574218746987,0.010041503906251137,1.0001702210441308,0,0,0,0,0,0,4.257812530120142e-07,True,P02,bumpy
R036,Accelerometer,True,5432,0.062140869140625,54.5873603515625,54.525219482421875,99.6036281399537,0.010037841796872726,0.010041015624999261,1.0001215864598911,0,0,0,0,0,0,4.257812530120142e-07,True,P02,bumpy
R036,Gyroscope,True,5432,0.062140869140625,54.5873603515625,54.525219482421875,99.6036281399537,0.010037841796872726,0.010041015624999261,1.0001215864598911,0,0,0,0,0,0,4.257812530120142e-07,True,P02,bumpy
R036,Gravity,True,5432,0.062140869140625,54.5873603515625,54.525219482421875,99.6036281399537,0.010037841796872726,0.010041015624999261,1.0001215864598911,0,0,0,0,0,0,4.257812530120142e-07,True,P02,bumpy
R037,Accelerometer,True,4983,0.05815869140625,50.075439453125,50.01728076171875,99.60362813997021,0.010038085937498664,0.010041259765625199,1.000145903752177,0,0,0,0,0,0,4.257812530120142e-07,True,P02,bumpy
R037,Gyroscope,True,4983,0.05815869140625,50.075439453125,50.01728076171875,99.60362813997021,0.010038085937498664,0.010041259765625199,1.000145903752177,0,0,0,0,0,0,4.257812530120142e-07,True,P02,bumpy
R037,Gravity,True,4983,0.05815869140625,50.075439453125,50.01728076171875,99.60362813997021,0.010038085937498664,0.010041259765625199,1.000145903752177,0,0,0,0,0,0,4.257812530120142e-07,True,P02,bumpy
R038,Accelerometer,True,5136,0.063865478515625,51.6172548828125,51.55338940429688,99.6036281399537,0.010037841796872726,0.010041015625002814,1.000121586460245,0,0,0,0,0,0,4.257812530120142e-07,True,P02,bumpy
R038,Gyroscope,True,5136,0.063865478515625,51.6172548828125,51.55338940429688,99.6036281399537,0.010037841796872726,0.010041015625002814,1.000121586460245,0,0,0,0,0,0,4.257812530120142e-07,True,P02,bumpy
R038,Gravity,True,5136,0.063865478515625,51.6172548828125,51.55338940429688,99.6036281399537,0.010037841796872726,0.010041015625002814,1.000121586460245,0,0,0,0,0,0,4.257812530120142e-07,True,P02,bumpy
R039,Accelerometer,True,4802,0.0598466796875,48.26050634765625,48.20065966796875,99.60120610839977,0.010038085937502217,0.0100407714843751,1.0000729501025873,0,0,0,0,0,0,4.257812530120142e-07,True,P02,bumpy
R039,Gyroscope,True,4802,0.0598466796875,48.26050634765625,48.20065966796875,99.60120610839977,0.010038085937502217,0.0100407714843751,1.0000729501025873,0,0,0,0,0,0,4.257812530120142e-07,True,P02,bumpy
R039,Gravity,True,4802,0.0598466796875,48.26050634765625,48.20065966796875,99.60120610839977,0.010038085937502217,0.0100407714843751,1.0000729501025873,0,0,0,0,0,0,4.257812530120142e-07,True,P02,bumpy
R040,Accelerometer,True,4883,0.04906787109375,49.06369848632813,49.01463061523438,99.60120610836452,0.010038574218746987,0.010041503906251137,1.000145900204467,0,0,0,0,0,0,4.257812530120142e-07,True,P02,bumpy
R040,Gyroscope,True,4883,0.04906787109375,49.06369848632813,49.01463061523438,99.60120610836452,0.010038574218746987,0.010041503906251137,1.000145900204467,0,0,0,0,0,0,4.257812530120142e-07,True,P02,bumpy
R040,Gravity,True,4883,0.04906787109375,49.06369848632813,49.01463061523438,99.60120610836452,0.010038574218746987,0.010041503906251137,1.000145900204467,0,0,0,0,0,0,4.257812530120142e-07,True,P02,bumpy
R041,Accelerometer,True,4777,0.059294921875,48.009843994140624,47.95054907226562,99.60120610836452,0.010038574218746987,0.010041015624999261,1.00009726680286,0,0,0,0,0,0,3.8164062707464474e-07,True,P02,bumpy
R041,Gyroscope,True,4777,0.059294921875,48.009843994140624,47.95054907226562,99.60120610836452,0.010038574218746987,0.010041015624999261,1.00009726680286,0,0,0,0,0,0,3.8164062707464474e-07,True,P02,bumpy
R041,Gravity,True,4777,0.059294921875,48.009843994140624,47.95054907226562,99.60120610836452,0.010038574218746987,0.010041015624999261,1.00009726680286,0,0,0,0,0,0,3.8164062707464474e-07,True,P02,bumpy
